UserID,Age,Gender,ProfessionType,YearsExperience,Country
P0001,25,Female,Classroom Teacher,11,South Africa
P0002,52,Female,Kinderkineticist,7,South Africa
P0003,48,Female,Occupational Therapist,18,United Kingdom
P0004,39,Female,Classroom Teacher,23,South Africa
P0005,39,Female,Occupational Therapist,9,South Africa
P0006,56,Female,Classroom Teacher,26,South Africa
P0007,25,Male,Kinderkineticist,22,United Kingdom
P0008,49,Female,Occupational Therapist,5,New Zealand
P0009,30,Male,Occupational Therapist,32,Australia
P0010,25,Female,Classroom Teacher,1,New Zealand
P0011,43,Female,Physiotherapist,22,Australia
P0012,61,Female,School Psychologist,15,Australia
P0013,51,Female,Classroom Teacher,22,South Africa
P0014,52,Male,Kinderkineticist,27,United Kingdom
P0015,50,Female,Occupational Therapist,24,South Africa
P0016,53,Female,Classroom Teacher,22,South Africa
P0017,42,Female,School Psychologist,29,South Africa
P0018,27,Male,Occupational Therapist,24,New Zealand
P0019,55,Female,Physiotherapist,28,Australia
P0020,40,Female,Occupational Therapist,14,Netherlands
P0021,42,Male,Physiotherapist,7,Other
P0022,36,Male,Classroom Teacher,8,New Zealand
P0023,29,Non-Binary,Physiotherapist,21,South Africa
P0024,59,Female,Kinderkineticist,18,New Zealand
P0025,53,Female,Physiotherapist,2,New Zealand
P0026,47,Female,Occupational Therapist,7,New Zealand
P0027,38,Male,Occupational Therapist,33,South Africa
P0028,54,Female,Classroom Teacher,25,South Africa
P0029,43,Male,Kinderkineticist,26,Netherlands
P0030,39,Female,Physiotherapist,6,South Africa
P0031,40,Female,Classroom Teacher,2,South Africa
P0032,31,Female,Occupational Therapist,10,South Africa
P0033,25,Female,Occupational Therapist,29,South Africa
P0034,44,Male,Occupational Therapist,17,South Africa
P0035,57,Female,Parent/Caregiver,27,Other
P0036,24,Female,Classroom Teacher,17,New Zealand
P0037,56,Female,Kinderkineticist,17,Netherlands
P0038,55,Female,Occupational Therapist,21,South Africa
P0039,33,Female,Occupational Therapist,33,South Africa
P0040,47,Female,Kinderkineticist,15,South Africa
P0041,28,Female,Physiotherapist,20,South Africa
P0042,52,Female,School Psychologist,32,South Africa
P0043,50,Female,Classroom Teacher,13,Australia
P0044,36,Female,Physiotherapist,29,Other
P0045,24,Female,Classroom Teacher,18,South Africa
P0046,60,Female,Parent/Caregiver,30,South Africa
P0047,39,Female,Physiotherapist,16,South Africa
P0048,57,Male,Kinderkineticist,22,South Africa
P0049,49,Male,School Psychologist,11,South Africa
P0050,53,Female,Occupational Therapist,22,South Africa
P0051,52,Female,School Psychologist,11,South Africa
P0052,29,Female,Occupational Therapist,21,South Africa
P0053,36,Female,Kinderkineticist,27,New Zealand
P0054,40,Female,Classroom Teacher,15,South Africa
P0055,41,Female,Kinderkineticist,15,South Africa
P0056,23,Female,Physiotherapist,11,South Africa
P0057,43,Male,Kinderkineticist,25,South Africa
P0058,28,Female,Occupational Therapist,20,United Kingdom
P0059,51,Female,Occupational Therapist,18,Australia
P0060,49,Female,Occupational Therapist,0,New Zealand
P0061,58,Male,Kinderkineticist,3,United Kingdom
P0062,51,Female,Physiotherapist,0,South Africa
P0063,36,Female,Occupational Therapist,29,South Africa
P0064,60,Female,School Psychologist,29,South Africa
P0065,38,Female,Physiotherapist,2,South Africa
P0066,35,Non-Binary,Physiotherapist,1,New Zealand
P0067,58,Female,Physiotherapist,27,South Africa
P0068,36,Female,Occupational Therapist,18,South Africa
P0069,25,Female,Classroom Teacher,10,South Africa
P0070,40,Female,Physiotherapist,21,South Africa
P0071,53,Male,Occupational Therapist,8,Netherlands
P0072,29,Female,Parent/Caregiver,6,South Africa
P0073,40,Female,Classroom Teacher,12,South Africa
P0074,27,Male,Classroom Teacher,31,South Africa
P0075,49,Male,Classroom Teacher,26,Australia
P0076,41,Female,School Psychologist,6,South Africa
P0077,35,Female,Physiotherapist,19,United Kingdom
P0078,31,Female,Kinderkineticist,30,South Africa
P0079,44,Female,Kinderkineticist,33,South Africa
P0080,48,Female,Occupational Therapist,26,New Zealand
P0081,59,Female,Occupational Therapist,4,South Africa
P0082,39,Male,Occupational Therapist,8,South Africa
P0083,28,Male,Kinderkineticist,7,United Kingdom
P0084,55,Male,Classroom Teacher,5,South Africa
P0085,47,Non-Binary,Classroom Teacher,6,South Africa
P0086,50,Male,Physiotherapist,11,Australia
P0087,25,Male,Occupational Therapist,19,South Africa
P0088,34,Male,Physiotherapist,13,South Africa
P0089,52,Female,Kinderkineticist,14,South Africa
P0090,55,Female,School Psychologist,8,Australia
P0091,39,Female,Classroom Teacher,5,South Africa
P0092,54,Female,School Psychologist,34,South Africa
P0093,55,Female,Classroom Teacher,20,United Kingdom
P0094,37,Female,Parent/Caregiver,8,United Kingdom
P0095,57,Female,Physiotherapist,28,Other
P0096,33,Female,Occupational Therapist,29,South Africa
P0097,31,Female,Occupational Therapist,33,South Africa
P0098,49,Male,Physiotherapist,5,South Africa
P0099,47,Male,Occupational Therapist,22,United Kingdom
P0100,27,Female,Occupational Therapist,34,South Africa
P0101,55,Female,School Psychologist,28,United Kingdom
P0102,29,Female,Occupational Therapist,7,South Africa
P0103,54,Male,School Psychologist,31,New Zealand
P0104,22,Male,Classroom Teacher,14,New Zealand
P0105,53,Female,Kinderkineticist,17,South Africa
P0106,53,Male,Kinderkineticist,19,Other
P0107,53,Female,Physiotherapist,26,Other
P0108,48,Female,Kinderkineticist,4,South Africa
P0109,40,Non-Binary,Occupational Therapist,18,South Africa
P0110,50,Female,School Psychologist,28,United Kingdom
P0111,33,Female,Physiotherapist,19,South Africa
P0112,53,Female,Occupational Therapist,9,South Africa
P0113,44,Female,Classroom Teacher,1,South Africa
P0114,40,Male,Kinderkineticist,19,Other
P0115,42,Non-Binary,Physiotherapist,24,South Africa
P0116,44,Female,Kinderkineticist,19,Australia
P0117,23,Female,Occupational Therapist,34,South Africa
P0118,27,Male,Kinderkineticist,21,South Africa
P0119,31,Female,Occupational Therapist,17,New Zealand
P0120,26,Male,Occupational Therapist,1,South Africa
P0121,39,Female,Occupational Therapist,19,South Africa
P0122,48,Female,Physiotherapist,5,South Africa
P0123,48,Male,Physiotherapist,25,United Kingdom
P0124,40,Female,Physiotherapist,5,South Africa
P0125,56,Female,Occupational Therapist,31,South Africa
P0126,44,Female,Occupational Therapist,10,South Africa
P0127,25,Female,Kinderkineticist,15,South Africa
P0128,52,Female,Occupational Therapist,5,South Africa
P0129,44,Female,Kinderkineticist,7,South Africa
P0130,47,Non-Binary,School Psychologist,32,South Africa
P0131,44,Non-Binary,Physiotherapist,9,South Africa
P0132,44,Female,School Psychologist,17,United Kingdom
P0133,25,Female,Occupational Therapist,34,Australia
P0134,44,Male,Occupational Therapist,21,South Africa
P0135,53,Non-Binary,Classroom Teacher,1,South Africa
P0136,34,Female,Classroom Teacher,12,South Africa
P0137,46,Female,Classroom Teacher,13,Other
P0138,23,Female,Occupational Therapist,9,South Africa
P0139,35,Female,Classroom Teacher,8,South Africa
P0140,39,Female,Physiotherapist,17,South Africa
P0141,61,Female,Physiotherapist,13,South Africa
P0142,30,Male,Occupational Therapist,10,South Africa
P0143,33,Male,Parent/Caregiver,14,South Africa
P0144,38,Male,Occupational Therapist,12,United Kingdom
P0145,61,Female,Classroom Teacher,8,United Kingdom
P0146,56,Female,Kinderkineticist,15,United Kingdom
P0147,23,Male,Classroom Teacher,32,Australia
P0148,31,Male,Classroom Teacher,17,South Africa
P0149,54,Female,Classroom Teacher,20,Netherlands
P0150,24,Male,Occupational Therapist,34,Australia
P0151,56,Female,Occupational Therapist,21,Australia
P0152,33,Male,Kinderkineticist,7,Australia
P0153,58,Female,Physiotherapist,13,South Africa
P0154,33,Female,Occupational Therapist,17,South Africa
P0155,39,Female,Occupational Therapist,16,South Africa
P0156,48,Female,Physiotherapist,5,South Africa
P0157,27,Female,Occupational Therapist,3,South Africa
P0158,44,Female,Occupational Therapist,12,South Africa
P0159,42,Female,School Psychologist,31,South Africa
P0160,53,Male,Physiotherapist,25,Netherlands
P0161,61,Female,Parent/Caregiver,29,United Kingdom
P0162,48,Female,Parent/Caregiver,6,United Kingdom
P0163,38,Male,Occupational Therapist,14,South Africa
P0164,38,Female,Classroom Teacher,20,United Kingdom
P0165,38,Female,Kinderkineticist,15,New Zealand
P0166,54,Male,Kinderkineticist,14,United Kingdom
P0167,34,Male,Occupational Therapist,12,United Kingdom
P0168,28,Female,Occupational Therapist,1,South Africa
P0169,35,Male,Occupational Therapist,30,South Africa
P0170,22,Female,Kinderkineticist,32,United Kingdom
P0171,26,Female,Parent/Caregiver,2,Other
P0172,25,Male,Kinderkineticist,14,South Africa
P0173,52,Female,Classroom Teacher,18,South Africa
P0174,50,Male,Parent/Caregiver,27,South Africa
P0175,49,Female,Kinderkineticist,34,South Africa
P0176,40,Male,Occupational Therapist,14,Other
P0177,50,Female,Classroom Teacher,26,Australia
P0178,28,Female,Physiotherapist,32,South Africa
P0179,58,Female,Occupational Therapist,29,South Africa
P0180,42,Female,Kinderkineticist,10,South Africa
P0181,59,Male,School Psychologist,28,South Africa
P0182,28,Female,Occupational Therapist,14,South Africa
P0183,41,Female,Physiotherapist,0,Australia
P0184,49,Female,Occupational Therapist,26,United Kingdom
P0185,41,Female,Occupational Therapist,29,South Africa
P0186,39,Male,Occupational Therapist,12,Australia
P0187,28,Female,Classroom Teacher,15,Australia
P0188,37,Non-Binary,Classroom Teacher,12,South Africa
P0189,31,Female,Occupational Therapist,4,United Kingdom
P0190,34,Female,Physiotherapist,34,United Kingdom
P0191,49,Female,Occupational Therapist,0,New Zealand
P0192,47,Female,Occupational Therapist,19,South Africa
P0193,46,Male,Kinderkineticist,0,South Africa
P0194,36,Non-Binary,Kinderkineticist,24,South Africa
P0195,60,Male,Kinderkineticist,31,South Africa
P0196,25,Female,Physiotherapist,22,South Africa
P0197,35,Female,Kinderkineticist,21,Australia
P0198,26,Female,Occupational Therapist,28,South Africa
P0199,35,Female,Occupational Therapist,34,South Africa
P0200,60,Male,School Psychologist,30,Other
P0201,36,Female,Classroom Teacher,8,South Africa
P0202,58,Female,School Psychologist,19,South Africa
P0203,41,Male,School Psychologist,28,United Kingdom
P0204,49,Female,Kinderkineticist,10,South Africa
P0205,40,Female,School Psychologist,23,South Africa
P0206,32,Female,Physiotherapist,0,United Kingdom
P0207,52,Female,Occupational Therapist,30,South Africa
P0208,60,Female,Occupational Therapist,21,South Africa
P0209,32,Female,Occupational Therapist,26,South Africa
P0210,53,Female,Occupational Therapist,28,New Zealand
P0211,32,Male,Physiotherapist,7,South Africa
P0212,50,Male,Classroom Teacher,15,Australia
P0213,53,Female,Classroom Teacher,30,South Africa
P0214,39,Female,Kinderkineticist,5,United Kingdom
P0215,51,Female,Occupational Therapist,28,South Africa
P0216,32,Female,Classroom Teacher,10,South Africa
P0217,25,Female,Physiotherapist,20,South Africa
P0218,25,Female,Occupational Therapist,17,United Kingdom
P0219,39,Female,Physiotherapist,24,South Africa
P0220,58,Female,Physiotherapist,29,South Africa
P0221,27,Female,Occupational Therapist,12,South Africa
P0222,40,Female,Classroom Teacher,6,South Africa
P0223,50,Male,Classroom Teacher,14,United Kingdom
P0224,30,Female,Kinderkineticist,21,South Africa
P0225,50,Female,Occupational Therapist,26,South Africa
P0226,34,Male,Classroom Teacher,26,South Africa
P0227,54,Female,Kinderkineticist,11,South Africa
P0228,45,Female,Occupational Therapist,32,South Africa
P0229,43,Male,Kinderkineticist,2,South Africa
P0230,29,Female,Physiotherapist,4,South Africa
P0231,40,Female,Physiotherapist,0,Netherlands
P0232,56,Female,Occupational Therapist,32,South Africa
P0233,22,Female,Kinderkineticist,6,Australia
P0234,52,Female,Occupational Therapist,21,South Africa
P0235,41,Female,Occupational Therapist,28,South Africa
P0236,50,Female,Occupational Therapist,26,South Africa
P0237,48,Female,School Psychologist,33,South Africa
P0238,39,Female,Physiotherapist,1,United Kingdom
P0239,34,Female,Physiotherapist,14,New Zealand
P0240,47,Female,Physiotherapist,17,United Kingdom
P0241,27,Male,School Psychologist,24,United Kingdom
P0242,45,Female,Kinderkineticist,21,South Africa
P0243,25,Female,School Psychologist,19,South Africa
P0244,47,Female,Physiotherapist,10,Australia
P0245,47,Female,Occupational Therapist,3,South Africa
P0246,25,Female,Kinderkineticist,15,South Africa
P0247,52,Female,Physiotherapist,9,Netherlands
P0248,38,Female,Classroom Teacher,19,Other
P0249,53,Male,Classroom Teacher,27,United Kingdom
P0250,23,Male,Physiotherapist,19,South Africa
P0251,29,Female,Parent/Caregiver,20,New Zealand
P0252,41,Female,Kinderkineticist,1,South Africa
P0253,29,Female,Occupational Therapist,22,South Africa
P0254,35,Female,Physiotherapist,15,South Africa
P0255,48,Female,Occupational Therapist,4,Netherlands
P0256,27,Male,Classroom Teacher,7,Netherlands
P0257,49,Male,Occupational Therapist,27,United Kingdom
P0258,26,Male,Physiotherapist,32,South Africa
P0259,29,Female,Kinderkineticist,17,South Africa
P0260,45,Non-Binary,Occupational Therapist,34,South Africa
P0261,53,Female,Occupational Therapist,6,New Zealand
P0262,28,Female,Kinderkineticist,10,South Africa
P0263,33,Female,Occupational Therapist,32,South Africa
P0264,59,Male,Physiotherapist,6,Australia
P0265,61,Female,Physiotherapist,23,South Africa
P0266,45,Male,Occupational Therapist,7,New Zealand
P0267,39,Female,Occupational Therapist,11,South Africa
P0268,35,Non-Binary,Classroom Teacher,16,Australia
P0269,46,Female,School Psychologist,12,South Africa
P0270,45,Female,Occupational Therapist,30,South Africa
P0271,33,Non-Binary,School Psychologist,34,South Africa
P0272,22,Female,Kinderkineticist,17,South Africa
P0273,28,Female,Kinderkineticist,18,United Kingdom
P0274,60,Female,Classroom Teacher,1,South Africa
P0275,38,Female,Classroom Teacher,8,South Africa
P0276,41,Female,Classroom Teacher,1,Australia
P0277,40,Female,Physiotherapist,29,South Africa
P0278,53,Female,Kinderkineticist,7,United Kingdom
P0279,24,Male,Physiotherapist,11,Australia
P0280,25,Female,Occupational Therapist,29,South Africa
P0281,33,Female,Kinderkineticist,24,Australia
P0282,41,Female,Occupational Therapist,21,South Africa
P0283,48,Female,Occupational Therapist,1,South Africa
P0284,41,Female,Occupational Therapist,19,South Africa
P0285,39,Male,Occupational Therapist,19,New Zealand
P0286,59,Male,Kinderkineticist,11,United Kingdom
P0287,28,Female,Kinderkineticist,26,South Africa
P0288,44,Female,Physiotherapist,32,Other
P0289,43,Female,Occupational Therapist,9,South Africa
P0290,40,Female,Physiotherapist,11,New Zealand
P0291,54,Female,Physiotherapist,11,Australia
P0292,32,Female,Classroom Teacher,29,Netherlands
P0293,60,Female,Kinderkineticist,2,Netherlands
P0294,35,Female,Physiotherapist,31,Other
P0295,43,Female,Physiotherapist,27,South Africa
P0296,42,Female,Parent/Caregiver,16,Australia
P0297,55,Female,Classroom Teacher,20,Australia
P0298,39,Female,Physiotherapist,31,United Kingdom
P0299,33,Male,Physiotherapist,26,South Africa
P0300,22,Female,Occupational Therapist,9,Other
P0301,36,Female,School Psychologist,1,South Africa
P0302,55,Female,Physiotherapist,23,South Africa
P0303,22,Male,Occupational Therapist,5,South Africa
P0304,57,Female,Parent/Caregiver,3,South Africa
P0305,43,Male,Classroom Teacher,34,Australia
P0306,27,Male,Occupational Therapist,16,South Africa
P0307,34,Female,Occupational Therapist,22,United Kingdom
P0308,44,Female,Occupational Therapist,7,New Zealand
P0309,34,Female,Kinderkineticist,3,South Africa
P0310,26,Male,Occupational Therapist,2,Australia
P0311,48,Female,School Psychologist,12,South Africa
P0312,48,Male,School Psychologist,0,New Zealand
P0313,26,Female,Kinderkineticist,14,Other
P0314,33,Female,Kinderkineticist,11,South Africa
P0315,31,Female,Physiotherapist,18,United Kingdom
P0316,48,Female,Occupational Therapist,20,South Africa
P0317,51,Female,Classroom Teacher,10,South Africa
P0318,51,Female,Occupational Therapist,15,Australia
P0319,59,Male,Occupational Therapist,2,South Africa
P0320,52,Male,Physiotherapist,10,United Kingdom
P0321,34,Female,Occupational Therapist,34,South Africa
P0322,26,Female,Physiotherapist,34,South Africa
P0323,46,Female,Classroom Teacher,17,New Zealand
P0324,58,Male,Classroom Teacher,32,South Africa
P0325,61,Female,Kinderkineticist,17,United Kingdom
P0326,31,Male,Classroom Teacher,4,South Africa
P0327,31,Female,Physiotherapist,30,New Zealand
P0328,23,Female,Classroom Teacher,14,United Kingdom
P0329,27,Female,Kinderkineticist,21,South Africa
P0330,44,Female,Occupational Therapist,22,South Africa
P0331,43,Male,School Psychologist,10,South Africa
P0332,36,Female,Occupational Therapist,25,Other
P0333,34,Female,Occupational Therapist,17,South Africa
P0334,55,Male,Occupational Therapist,12,South Africa
P0335,40,Male,Physiotherapist,10,Australia
P0336,54,Male,Physiotherapist,26,South Africa
P0337,60,Female,Kinderkineticist,8,South Africa
P0338,34,Female,School Psychologist,4,South Africa
P0339,30,Male,Physiotherapist,30,South Africa
P0340,60,Female,Kinderkineticist,11,Australia
P0341,47,Female,Physiotherapist,22,New Zealand
P0342,33,Male,Classroom Teacher,25,Netherlands
P0343,46,Female,Occupational Therapist,29,New Zealand
P0344,42,Female,Occupational Therapist,21,South Africa
P0345,58,Non-Binary,Kinderkineticist,24,South Africa
P0346,32,Female,Kinderkineticist,29,United Kingdom
P0347,61,Female,Classroom Teacher,33,Other
P0348,59,Female,Kinderkineticist,1,Australia
P0349,29,Female,Classroom Teacher,26,South Africa
P0350,28,Female,Physiotherapist,6,United Kingdom
P0351,43,Male,Occupational Therapist,31,Australia
P0352,23,Male,Occupational Therapist,1,Netherlands
P0353,33,Female,Occupational Therapist,8,Australia
P0354,39,Female,Physiotherapist,6,South Africa
P0355,60,Male,Physiotherapist,21,South Africa
P0356,61,Female,Physiotherapist,0,South Africa
P0357,28,Female,Kinderkineticist,0,South Africa
P0358,57,Female,Physiotherapist,17,Netherlands
P0359,25,Female,Kinderkineticist,34,South Africa
P0360,51,Female,Kinderkineticist,18,South Africa
P0361,55,Female,Physiotherapist,15,South Africa
P0362,57,Female,Physiotherapist,23,United Kingdom
P0363,30,Female,Kinderkineticist,19,South Africa
P0364,57,Female,Kinderkineticist,13,South Africa
P0365,26,Female,Physiotherapist,20,New Zealand
P0366,42,Female,Physiotherapist,0,South Africa
P0367,40,Female,Kinderkineticist,8,South Africa
P0368,34,Female,Kinderkineticist,23,South Africa
P0369,22,Female,Occupational Therapist,11,United Kingdom
P0370,52,Female,Physiotherapist,1,Australia
P0371,35,Female,School Psychologist,4,New Zealand
P0372,48,Male,Occupational Therapist,30,South Africa
P0373,38,Female,Classroom Teacher,11,Other
P0374,36,Male,Occupational Therapist,0,Australia
P0375,57,Non-Binary,Kinderkineticist,25,South Africa
P0376,25,Female,Physiotherapist,18,South Africa
P0377,51,Female,Occupational Therapist,15,South Africa
P0378,51,Male,School Psychologist,31,New Zealand
P0379,37,Female,Physiotherapist,10,South Africa
P0380,32,Female,School Psychologist,20,South Africa
P0381,22,Female,Physiotherapist,26,Australia
P0382,59,Female,Classroom Teacher,21,New Zealand
P0383,59,Female,School Psychologist,7,United Kingdom
P0384,31,Non-Binary,Kinderkineticist,23,Australia
P0385,23,Male,Occupational Therapist,26,South Africa
P0386,26,Female,Kinderkineticist,4,New Zealand
P0387,24,Female,Kinderkineticist,5,South Africa
P0388,55,Female,School Psychologist,23,South Africa
P0389,57,Male,Physiotherapist,4,Other
P0390,28,Female,Occupational Therapist,30,South Africa
P0391,51,Male,Occupational Therapist,3,South Africa
P0392,29,Male,Kinderkineticist,34,United Kingdom
P0393,36,Female,Parent/Caregiver,23,South Africa
P0394,45,Female,Occupational Therapist,15,South Africa
P0395,50,Male,Classroom Teacher,9,United Kingdom
P0396,56,Female,School Psychologist,12,Australia
P0397,23,Female,Occupational Therapist,26,Australia
P0398,29,Male,Occupational Therapist,26,South Africa
P0399,33,Female,Kinderkineticist,7,United Kingdom
P0400,34,Female,Kinderkineticist,19,Australia
P0401,61,Female,Occupational Therapist,34,South Africa
P0402,53,Female,Classroom Teacher,9,South Africa
P0403,34,Male,Kinderkineticist,24,South Africa
P0404,60,Female,School Psychologist,6,South Africa
P0405,41,Female,Classroom Teacher,29,South Africa
P0406,42,Female,Classroom Teacher,5,Australia
P0407,39,Male,Kinderkineticist,10,Other
P0408,27,Female,Occupational Therapist,16,South Africa
P0409,59,Male,Kinderkineticist,12,United Kingdom
P0410,22,Female,Occupational Therapist,5,South Africa
P0411,28,Male,Kinderkineticist,22,South Africa
P0412,31,Non-Binary,Occupational Therapist,0,Australia
P0413,33,Male,Kinderkineticist,34,South Africa
P0414,27,Male,Occupational Therapist,1,Netherlands
P0415,22,Female,Physiotherapist,11,South Africa
P0416,49,Male,Occupational Therapist,32,South Africa
P0417,60,Female,Kinderkineticist,5,South Africa
P0418,26,Female,Classroom Teacher,2,South Africa
P0419,33,Male,Occupational Therapist,26,New Zealand
P0420,42,Non-Binary,Classroom Teacher,2,United Kingdom
P0421,59,Female,Classroom Teacher,31,South Africa
P0422,49,Female,Physiotherapist,15,South Africa
P0423,52,Female,Kinderkineticist,30,United Kingdom
P0424,45,Female,Physiotherapist,8,Australia
P0425,38,Female,Occupational Therapist,4,South Africa
P0426,29,Female,Kinderkineticist,33,South Africa
P0427,56,Female,Occupational Therapist,26,South Africa
P0428,54,Female,Classroom Teacher,31,South Africa
P0429,23,Male,School Psychologist,11,South Africa
P0430,50,Female,Classroom Teacher,14,South Africa
P0431,25,Male,Kinderkineticist,20,South Africa
P0432,51,Female,Kinderkineticist,15,South Africa
P0433,55,Female,Parent/Caregiver,8,South Africa
P0434,27,Female,Occupational Therapist,13,Netherlands
P0435,39,Female,Occupational Therapist,21,United Kingdom
P0436,26,Non-Binary,Kinderkineticist,1,South Africa
P0437,44,Female,Physiotherapist,11,South Africa
P0438,59,Female,Physiotherapist,10,South Africa
P0439,25,Male,Occupational Therapist,2,New Zealand
P0440,37,Non-Binary,Kinderkineticist,4,United Kingdom
P0441,60,Female,Occupational Therapist,17,South Africa
P0442,34,Female,Occupational Therapist,3,Netherlands
P0443,27,Female,Occupational Therapist,12,New Zealand
P0444,41,Female,Physiotherapist,19,Australia
P0445,42,Female,Classroom Teacher,30,South Africa
P0446,48,Female,Physiotherapist,3,South Africa
P0447,34,Male,Kinderkineticist,15,United Kingdom
P0448,60,Female,Classroom Teacher,3,South Africa
P0449,42,Female,Physiotherapist,15,United Kingdom
P0450,33,Female,Classroom Teacher,16,Australia
P0451,60,Male,Kinderkineticist,27,South Africa
P0452,58,Female,Kinderkineticist,15,South Africa
P0453,41,Male,Occupational Therapist,32,South Africa
P0454,22,Male,Occupational Therapist,4,South Africa
P0455,45,Female,Parent/Caregiver,1,United Kingdom
P0456,44,Female,Classroom Teacher,0,Australia
P0457,27,Female,School Psychologist,12,South Africa
P0458,47,Female,School Psychologist,6,Australia
P0459,55,Male,Occupational Therapist,3,South Africa
P0460,26,Female,Classroom Teacher,8,Australia
P0461,50,Male,Physiotherapist,34,South Africa
P0462,27,Female,Classroom Teacher,28,Australia
P0463,51,Female,Occupational Therapist,0,Australia
P0464,38,Female,Physiotherapist,32,South Africa
P0465,22,Female,Classroom Teacher,7,United Kingdom
P0466,60,Female,Classroom Teacher,14,New Zealand
P0467,28,Female,Kinderkineticist,11,South Africa
P0468,45,Female,Physiotherapist,14,Australia
P0469,29,Male,Physiotherapist,26,Other
P0470,59,Female,Parent/Caregiver,24,New Zealand
P0471,51,Male,Physiotherapist,20,South Africa
P0472,54,Female,Physiotherapist,21,United Kingdom
P0473,39,Female,Kinderkineticist,25,Other
P0474,40,Female,Physiotherapist,6,United Kingdom
P0475,47,Female,Kinderkineticist,13,South Africa
P0476,53,Female,Physiotherapist,3,South Africa
P0477,55,Female,Classroom Teacher,24,Australia
P0478,22,Non-Binary,School Psychologist,15,South Africa
P0479,48,Female,School Psychologist,22,South Africa
P0480,26,Female,Kinderkineticist,19,South Africa
P0481,33,Female,Physiotherapist,9,Australia
P0482,55,Female,Classroom Teacher,4,South Africa
P0483,32,Female,Classroom Teacher,34,New Zealand
P0484,53,Female,Kinderkineticist,10,Australia
P0485,40,Female,Kinderkineticist,3,Other
P0486,31,Female,Classroom Teacher,10,New Zealand
P0487,35,Non-Binary,Kinderkineticist,31,South Africa
P0488,43,Female,Classroom Teacher,9,United Kingdom
P0489,52,Male,Occupational Therapist,34,South Africa
P0490,46,Female,Physiotherapist,16,Other
P0491,59,Female,Kinderkineticist,30,South Africa
P0492,56,Male,Occupational Therapist,22,United Kingdom
P0493,52,Female,Classroom Teacher,1,New Zealand
P0494,46,Male,Kinderkineticist,17,South Africa
P0495,33,Female,Occupational Therapist,14,New Zealand
P0496,38,Female,Classroom Teacher,7,South Africa
P0497,26,Male,Classroom Teacher,19,South Africa
P0498,36,Female,Classroom Teacher,3,South Africa
P0499,59,Female,Physiotherapist,24,South Africa
P0500,39,Female,Classroom Teacher,28,United Kingdom
P0501,26,Female,Physiotherapist,3,Netherlands
P0502,48,Male,Kinderkineticist,16,South Africa
P0503,60,Female,Occupational Therapist,22,United Kingdom
P0504,56,Female,Kinderkineticist,2,New Zealand
P0505,32,Male,Classroom Teacher,13,Australia
P0506,40,Female,Kinderkineticist,9,South Africa
P0507,43,Male,Physiotherapist,1,Netherlands
P0508,31,Female,Classroom Teacher,28,South Africa
P0509,32,Female,Kinderkineticist,15,United Kingdom
P0510,31,Male,Occupational Therapist,26,United Kingdom
P0511,61,Female,School Psychologist,20,Australia
P0512,51,Female,Classroom Teacher,30,South Africa
P0513,55,Female,Parent/Caregiver,34,South Africa
P0514,54,Male,Parent/Caregiver,21,Australia
P0515,60,Male,School Psychologist,12,South Africa
P0516,26,Female,Classroom Teacher,14,South Africa
P0517,57,Female,Kinderkineticist,28,Australia
P0518,24,Male,Occupational Therapist,14,United Kingdom
P0519,41,Female,Kinderkineticist,18,South Africa
P0520,45,Female,Classroom Teacher,6,South Africa
P0521,36,Female,Kinderkineticist,34,Other
P0522,27,Female,Classroom Teacher,22,South Africa
P0523,29,Male,Occupational Therapist,11,South Africa
P0524,54,Male,Physiotherapist,20,South Africa
P0525,34,Female,Kinderkineticist,14,South Africa
P0526,34,Female,Physiotherapist,5,Other
P0527,58,Female,Occupational Therapist,30,South Africa
P0528,27,Female,Occupational Therapist,30,South Africa
P0529,58,Female,Classroom Teacher,29,South Africa
P0530,58,Female,Physiotherapist,12,South Africa
P0531,45,Female,Occupational Therapist,8,South Africa
P0532,28,Female,Occupational Therapist,1,Other
P0533,28,Female,Physiotherapist,25,Australia
P0534,33,Female,Occupational Therapist,11,South Africa
P0535,45,Female,Classroom Teacher,31,South Africa
P0536,28,Female,Classroom Teacher,30,South Africa
P0537,40,Male,Occupational Therapist,4,South Africa
P0538,26,Male,Kinderkineticist,32,United Kingdom
P0539,43,Male,Occupational Therapist,4,South Africa
P0540,22,Female,Physiotherapist,17,Australia
P0541,50,Male,School Psychologist,16,New Zealand
P0542,24,Female,Kinderkineticist,33,South Africa
P0543,29,Female,School Psychologist,23,Netherlands
P0544,28,Female,Occupational Therapist,30,South Africa
P0545,55,Female,Physiotherapist,20,South Africa
P0546,24,Female,Physiotherapist,28,New Zealand
P0547,39,Female,Physiotherapist,29,South Africa
P0548,45,Male,Parent/Caregiver,30,United Kingdom
P0549,42,Female,Occupational Therapist,14,Australia
P0550,49,Female,Classroom Teacher,13,South Africa
P0551,54,Female,Classroom Teacher,34,New Zealand
P0552,37,Female,Kinderkineticist,26,South Africa
P0553,55,Female,Physiotherapist,32,New Zealand
P0554,34,Female,Kinderkineticist,20,South Africa
P0555,61,Female,Physiotherapist,32,South Africa
P0556,42,Male,Classroom Teacher,25,South Africa
P0557,51,Male,Physiotherapist,25,New Zealand
P0558,57,Female,School Psychologist,6,South Africa
P0559,53,Female,Kinderkineticist,19,New Zealand
P0560,56,Male,Kinderkineticist,25,South Africa
P0561,43,Non-Binary,Classroom Teacher,26,South Africa
P0562,23,Female,Kinderkineticist,33,South Africa
P0563,41,Male,School Psychologist,11,South Africa
P0564,29,Male,Occupational Therapist,10,Netherlands
P0565,57,Male,Parent/Caregiver,33,South Africa
P0566,31,Female,Classroom Teacher,34,United Kingdom
P0567,31,Female,Classroom Teacher,6,United Kingdom
P0568,31,Female,Physiotherapist,13,South Africa
P0569,47,Female,Classroom Teacher,33,United Kingdom
P0570,44,Female,Physiotherapist,6,New Zealand
P0571,59,Female,Classroom Teacher,27,United Kingdom
P0572,38,Female,Occupational Therapist,3,South Africa
P0573,33,Female,Physiotherapist,6,United Kingdom
P0574,23,Male,Physiotherapist,27,United Kingdom
P0575,22,Female,Physiotherapist,21,South Africa
P0576,36,Female,Physiotherapist,19,United Kingdom
P0577,59,Male,Classroom Teacher,29,South Africa
P0578,42,Male,Occupational Therapist,10,Australia
P0579,57,Non-Binary,Classroom Teacher,17,Other
P0580,26,Male,Occupational Therapist,21,Other
P0581,25,Male,Classroom Teacher,25,New Zealand
P0582,55,Female,Classroom Teacher,11,United Kingdom
P0583,26,Female,Physiotherapist,22,Australia
P0584,24,Female,Classroom Teacher,15,South Africa
P0585,38,Female,School Psychologist,18,South Africa
P0586,58,Male,Classroom Teacher,30,South Africa
P0587,49,Female,Physiotherapist,13,South Africa
P0588,25,Female,Physiotherapist,23,Other
P0589,55,Female,Classroom Teacher,32,New Zealand
P0590,55,Female,Physiotherapist,26,South Africa
P0591,54,Female,Classroom Teacher,34,South Africa
P0592,58,Female,Physiotherapist,20,United Kingdom
P0593,31,Male,Classroom Teacher,9,South Africa
P0594,61,Female,Occupational Therapist,34,Australia
P0595,34,Male,Occupational Therapist,22,Other
P0596,54,Female,Parent/Caregiver,8,South Africa
P0597,45,Female,Classroom Teacher,11,South Africa
P0598,53,Female,School Psychologist,9,South Africa
P0599,47,Male,School Psychologist,29,South Africa
P0600,47,Female,Physiotherapist,3,South Africa
P0601,46,Male,Physiotherapist,25,South Africa
P0602,53,Female,Occupational Therapist,19,South Africa
P0603,51,Female,Kinderkineticist,2,South Africa
P0604,27,Male,Occupational Therapist,21,South Africa
P0605,55,Female,School Psychologist,26,Australia
P0606,43,Female,Occupational Therapist,25,South Africa
P0607,34,Male,Occupational Therapist,18,New Zealand
P0608,42,Female,Occupational Therapist,11,South Africa
P0609,60,Female,Occupational Therapist,5,South Africa
P0610,56,Female,Occupational Therapist,0,South Africa
P0611,55,Female,Kinderkineticist,12,Australia
P0612,40,Male,Physiotherapist,22,South Africa
P0613,53,Male,Kinderkineticist,1,South Africa
P0614,37,Female,School Psychologist,34,South Africa
P0615,49,Male,Kinderkineticist,20,Other
P0616,47,Female,Kinderkineticist,10,South Africa
P0617,31,Female,Physiotherapist,33,South Africa
P0618,32,Female,Occupational Therapist,6,New Zealand
P0619,24,Non-Binary,Physiotherapist,33,South Africa
P0620,27,Female,Parent/Caregiver,9,South Africa
P0621,39,Female,Kinderkineticist,13,Australia
P0622,41,Female,Occupational Therapist,14,South Africa
P0623,28,Male,Physiotherapist,34,South Africa
P0624,38,Female,Classroom Teacher,8,South Africa
P0625,46,Female,Kinderkineticist,34,South Africa
P0626,31,Male,Kinderkineticist,12,Netherlands
P0627,35,Female,School Psychologist,9,United Kingdom
P0628,36,Female,Kinderkineticist,22,United Kingdom
P0629,42,Female,Kinderkineticist,24,South Africa
P0630,36,Female,Occupational Therapist,12,United Kingdom
P0631,51,Female,Occupational Therapist,4,United Kingdom
P0632,35,Male,Parent/Caregiver,13,South Africa
P0633,39,Female,Kinderkineticist,18,New Zealand
P0634,37,Female,Physiotherapist,1,United Kingdom
P0635,29,Non-Binary,Kinderkineticist,2,Australia
P0636,49,Female,Occupational Therapist,32,South Africa
P0637,31,Female,Classroom Teacher,1,South Africa
P0638,33,Male,Occupational Therapist,14,Australia
P0639,53,Female,Classroom Teacher,26,Australia
P0640,59,Male,Kinderkineticist,11,South Africa
P0641,48,Male,Occupational Therapist,17,South Africa
P0642,58,Female,Occupational Therapist,3,Australia
P0643,56,Female,Classroom Teacher,27,South Africa
P0644,41,Female,Occupational Therapist,22,South Africa
P0645,52,Female,Occupational Therapist,29,United Kingdom
P0646,35,Female,Classroom Teacher,30,South Africa
P0647,40,Female,Physiotherapist,12,South Africa
P0648,43,Male,Physiotherapist,1,South Africa
P0649,60,Male,Occupational Therapist,12,Netherlands
P0650,55,Male,Classroom Teacher,5,South Africa
P0651,41,Female,Physiotherapist,18,United Kingdom
P0652,48,Female,Occupational Therapist,5,Other
P0653,30,Female,Physiotherapist,32,United Kingdom
P0654,54,Female,Occupational Therapist,21,South Africa
P0655,44,Male,Physiotherapist,8,South Africa
P0656,43,Female,Occupational Therapist,32,South Africa
P0657,52,Female,Occupational Therapist,26,United Kingdom
P0658,47,Male,Physiotherapist,15,Other
P0659,24,Female,Classroom Teacher,5,Australia
P0660,33,Female,Occupational Therapist,12,South Africa
P0661,29,Female,Occupational Therapist,20,South Africa
P0662,51,Female,School Psychologist,26,New Zealand
P0663,23,Male,School Psychologist,9,South Africa
P0664,30,Female,Kinderkineticist,25,New Zealand
P0665,45,Male,Occupational Therapist,9,South Africa
P0666,49,Male,Physiotherapist,8,Australia
P0667,42,Male,Occupational Therapist,15,Australia
P0668,56,Female,Occupational Therapist,5,South Africa
P0669,58,Female,Physiotherapist,14,South Africa
P0670,27,Male,Kinderkineticist,12,New Zealand
P0671,60,Female,Physiotherapist,9,South Africa
P0672,46,Female,Kinderkineticist,27,South Africa
P0673,47,Male,Physiotherapist,11,South Africa
P0674,25,Female,Physiotherapist,24,South Africa
P0675,46,Male,Classroom Teacher,25,United Kingdom
P0676,51,Male,Classroom Teacher,23,South Africa
P0677,45,Male,Physiotherapist,9,South Africa
P0678,25,Female,Kinderkineticist,29,New Zealand
P0679,42,Male,Occupational Therapist,8,South Africa
P0680,59,Female,Occupational Therapist,9,South Africa
P0681,50,Male,Classroom Teacher,30,United Kingdom
P0682,27,Male,Occupational Therapist,11,New Zealand
P0683,60,Male,Physiotherapist,24,United Kingdom
P0684,60,Female,Physiotherapist,1,New Zealand
P0685,28,Female,Occupational Therapist,21,South Africa
P0686,54,Female,Occupational Therapist,30,South Africa
P0687,38,Female,Physiotherapist,24,Netherlands
P0688,45,Female,School Psychologist,20,New Zealand
P0689,39,Female,Kinderkineticist,29,United Kingdom
P0690,53,Female,Physiotherapist,10,South Africa
P0691,61,Male,Occupational Therapist,13,South Africa
P0692,53,Male,Kinderkineticist,2,South Africa
P0693,59,Female,Occupational Therapist,24,New Zealand
P0694,59,Male,Kinderkineticist,25,Australia
P0695,25,Female,Classroom Teacher,26,South Africa
P0696,32,Female,Physiotherapist,26,South Africa
P0697,50,Female,Physiotherapist,4,South Africa
P0698,45,Male,Occupational Therapist,23,South Africa
P0699,24,Male,Occupational Therapist,26,Australia
P0700,25,Male,Physiotherapist,7,United Kingdom
P0701,42,Male,School Psychologist,16,South Africa
P0702,46,Non-Binary,Occupational Therapist,31,United Kingdom
P0703,28,Female,Kinderkineticist,14,Other
P0704,28,Female,Kinderkineticist,26,South Africa
P0705,27,Female,Occupational Therapist,18,South Africa
P0706,44,Non-Binary,Occupational Therapist,23,South Africa
P0707,22,Female,Physiotherapist,21,South Africa
P0708,44,Female,Kinderkineticist,22,South Africa
P0709,41,Male,Physiotherapist,27,United Kingdom
P0710,40,Female,Classroom Teacher,31,South Africa
P0711,49,Male,Classroom Teacher,10,South Africa
P0712,42,Female,Classroom Teacher,32,New Zealand
P0713,51,Non-Binary,Parent/Caregiver,21,South Africa
P0714,52,Male,Classroom Teacher,20,United Kingdom
P0715,58,Female,Classroom Teacher,11,United Kingdom
P0716,53,Male,Classroom Teacher,14,New Zealand
P0717,42,Female,Classroom Teacher,22,Australia
P0718,41,Female,Classroom Teacher,12,New Zealand
P0719,31,Female,School Psychologist,10,United Kingdom
P0720,45,Male,Physiotherapist,28,South Africa
P0721,27,Female,Kinderkineticist,14,South Africa
P0722,59,Female,Kinderkineticist,22,South Africa
P0723,55,Female,Classroom Teacher,1,South Africa
P0724,26,Female,Physiotherapist,2,South Africa
P0725,53,Female,Classroom Teacher,29,South Africa
P0726,26,Female,Classroom Teacher,4,South Africa
P0727,50,Female,Parent/Caregiver,27,South Africa
P0728,25,Male,Occupational Therapist,31,South Africa
P0729,41,Female,Classroom Teacher,16,Australia
P0730,48,Female,Classroom Teacher,30,United Kingdom
P0731,51,Male,School Psychologist,14,Australia
P0732,38,Female,School Psychologist,33,South Africa
P0733,58,Male,Kinderkineticist,8,New Zealand
P0734,52,Female,Kinderkineticist,14,Australia
P0735,30,Male,Occupational Therapist,13,South Africa
P0736,48,Male,Parent/Caregiver,27,Other
P0737,51,Male,Occupational Therapist,1,South Africa
P0738,35,Female,Classroom Teacher,28,United Kingdom
P0739,51,Female,Classroom Teacher,0,Australia
P0740,57,Male,Physiotherapist,11,South Africa
P0741,54,Female,Occupational Therapist,20,United Kingdom
P0742,52,Female,Occupational Therapist,5,South Africa
P0743,47,Female,Classroom Teacher,17,South Africa
P0744,32,Male,Kinderkineticist,34,South Africa
P0745,53,Female,Occupational Therapist,28,South Africa
P0746,36,Female,Classroom Teacher,1,South Africa
P0747,43,Male,Occupational Therapist,20,United Kingdom
P0748,34,Female,Classroom Teacher,20,South Africa
P0749,34,Female,Physiotherapist,2,South Africa
P0750,28,Female,Occupational Therapist,22,United Kingdom
P0751,60,Female,Occupational Therapist,18,South Africa
P0752,27,Female,Kinderkineticist,23,South Africa
P0753,25,Male,Physiotherapist,10,Australia
P0754,59,Male,Classroom Teacher,8,Netherlands
P0755,44,Female,Physiotherapist,25,South Africa
P0756,39,Female,Physiotherapist,25,South Africa
P0757,51,Female,Occupational Therapist,5,Australia
P0758,37,Non-Binary,Occupational Therapist,7,New Zealand
P0759,27,Male,School Psychologist,20,South Africa
P0760,51,Male,Occupational Therapist,29,South Africa
P0761,29,Female,Parent/Caregiver,7,South Africa
P0762,44,Female,Physiotherapist,7,United Kingdom
P0763,59,Female,Occupational Therapist,28,Netherlands
P0764,59,Female,Occupational Therapist,24,United Kingdom
P0765,36,Female,Occupational Therapist,31,South Africa
P0766,53,Female,Classroom Teacher,27,United Kingdom
P0767,46,Non-Binary,Kinderkineticist,33,New Zealand
P0768,41,Female,Physiotherapist,6,South Africa
P0769,27,Female,Kinderkineticist,9,Australia
P0770,37,Male,Kinderkineticist,8,South Africa
P0771,48,Female,School Psychologist,1,South Africa
P0772,61,Male,Parent/Caregiver,27,United Kingdom
P0773,22,Female,Kinderkineticist,23,South Africa
P0774,50,Male,Classroom Teacher,3,Other
P0775,55,Female,Classroom Teacher,6,South Africa
P0776,60,Female,Physiotherapist,6,South Africa
P0777,38,Female,Classroom Teacher,14,South Africa
P0778,26,Female,Occupational Therapist,15,South Africa
P0779,32,Female,Classroom Teacher,10,South Africa
P0780,56,Female,Parent/Caregiver,32,Australia
P0781,57,Female,Occupational Therapist,7,South Africa
P0782,47,Male,Classroom Teacher,19,South Africa
P0783,26,Female,School Psychologist,15,United Kingdom
P0784,26,Female,Occupational Therapist,13,South Africa
P0785,41,Female,Kinderkineticist,28,United Kingdom
P0786,45,Male,School Psychologist,34,South Africa
P0787,23,Female,Parent/Caregiver,0,South Africa
P0788,49,Female,Occupational Therapist,16,Australia
P0789,43,Male,Physiotherapist,4,Australia
P0790,22,Female,Kinderkineticist,15,New Zealand
P0791,25,Male,Occupational Therapist,21,South Africa
P0792,40,Female,Physiotherapist,14,South Africa
P0793,50,Female,Occupational Therapist,10,Australia
P0794,55,Female,Occupational Therapist,10,United Kingdom
P0795,39,Male,Kinderkineticist,10,United Kingdom
P0796,33,Female,Kinderkineticist,11,United Kingdom
P0797,60,Female,Kinderkineticist,13,Australia
P0798,40,Female,Classroom Teacher,24,South Africa
P0799,34,Female,Physiotherapist,3,United Kingdom
P0800,39,Female,Occupational Therapist,1,South Africa
P0801,22,Female,Occupational Therapist,18,South Africa
P0802,34,Female,Occupational Therapist,23,United Kingdom
P0803,42,Female,Physiotherapist,9,South Africa
P0804,58,Female,Occupational Therapist,7,South Africa
P0805,51,Female,Occupational Therapist,21,New Zealand
P0806,53,Female,Occupational Therapist,13,Australia
P0807,43,Female,Kinderkineticist,25,South Africa
P0808,26,Female,Kinderkineticist,5,Other
P0809,37,Female,School Psychologist,4,South Africa
P0810,61,Female,Classroom Teacher,19,Australia
P0811,23,Female,Kinderkineticist,13,South Africa
P0812,57,Female,Occupational Therapist,25,South Africa
P0813,49,Male,Kinderkineticist,17,South Africa
P0814,33,Female,Occupational Therapist,12,South Africa
P0815,53,Male,Physiotherapist,5,South Africa
P0816,55,Female,Physiotherapist,5,South Africa
P0817,23,Male,Physiotherapist,26,United Kingdom
P0818,26,Female,Occupational Therapist,7,South Africa
P0819,48,Female,Kinderkineticist,17,South Africa
P0820,61,Female,Classroom Teacher,28,Other
P0821,22,Male,Classroom Teacher,31,United Kingdom
P0822,48,Female,Kinderkineticist,9,Netherlands
P0823,27,Female,Kinderkineticist,3,South Africa
P0824,48,Female,Occupational Therapist,27,South Africa
P0825,46,Male,Classroom Teacher,24,United Kingdom
P0826,25,Female,Kinderkineticist,11,United Kingdom
P0827,49,Female,Occupational Therapist,20,South Africa
P0828,57,Female,Physiotherapist,6,New Zealand
P0829,56,Male,School Psychologist,24,United Kingdom
P0830,23,Female,Kinderkineticist,25,Australia
P0831,31,Female,Physiotherapist,10,South Africa
P0832,31,Male,Kinderkineticist,16,United Kingdom
P0833,40,Female,Physiotherapist,11,South Africa
P0834,27,Female,Physiotherapist,1,Other
P0835,56,Female,Physiotherapist,4,South Africa
P0836,53,Female,Physiotherapist,33,South Africa
P0837,54,Female,Kinderkineticist,15,South Africa
P0838,29,Female,Occupational Therapist,5,United Kingdom
P0839,22,Male,Classroom Teacher,1,Other
P0840,58,Male,Physiotherapist,12,New Zealand
P0841,33,Female,Kinderkineticist,34,Australia
P0842,48,Female,Kinderkineticist,13,Other
P0843,58,Female,Kinderkineticist,34,Australia
P0844,23,Male,Kinderkineticist,17,South Africa
P0845,22,Female,School Psychologist,26,United Kingdom
P0846,22,Female,Kinderkineticist,27,South Africa
P0847,28,Female,Classroom Teacher,0,South Africa
P0848,24,Female,Classroom Teacher,0,South Africa
P0849,54,Female,Occupational Therapist,32,South Africa
P0850,46,Male,Physiotherapist,32,Other
P0851,61,Female,Physiotherapist,4,Other
P0852,54,Male,Occupational Therapist,22,South Africa
P0853,60,Female,Physiotherapist,32,Australia
P0854,31,Male,Physiotherapist,33,South Africa
P0855,33,Male,Kinderkineticist,10,South Africa
P0856,55,Non-Binary,Occupational Therapist,28,South Africa
P0857,31,Female,Classroom Teacher,22,South Africa
P0858,24,Female,Physiotherapist,32,South Africa
P0859,48,Female,Classroom Teacher,5,South Africa
P0860,54,Female,Occupational Therapist,21,South Africa
P0861,60,Female,Physiotherapist,0,South Africa
P0862,59,Non-Binary,Occupational Therapist,12,Netherlands
P0863,26,Non-Binary,Kinderkineticist,0,South Africa
P0864,52,Female,Physiotherapist,15,South Africa
P0865,55,Female,School Psychologist,28,South Africa
P0866,49,Male,Physiotherapist,23,South Africa
P0867,54,Male,Kinderkineticist,11,South Africa
P0868,55,Female,Occupational Therapist,14,South Africa
P0869,39,Female,Kinderkineticist,12,United Kingdom
P0870,23,Male,Physiotherapist,25,United Kingdom
P0871,40,Female,Physiotherapist,9,United Kingdom
P0872,30,Female,Occupational Therapist,3,United Kingdom
P0873,26,Non-Binary,Occupational Therapist,17,South Africa
P0874,26,Non-Binary,Occupational Therapist,29,South Africa
P0875,49,Male,Parent/Caregiver,16,South Africa
P0876,42,Male,Physiotherapist,7,South Africa
P0877,43,Female,Occupational Therapist,1,South Africa
P0878,51,Female,School Psychologist,33,South Africa
P0879,43,Female,Occupational Therapist,26,United Kingdom
P0880,47,Female,Physiotherapist,5,South Africa
P0881,25,Female,Classroom Teacher,2,South Africa
P0882,56,Female,School Psychologist,4,United Kingdom
P0883,39,Female,Classroom Teacher,13,South Africa
P0884,28,Male,Physiotherapist,28,Australia
P0885,54,Female,Parent/Caregiver,5,Netherlands
P0886,51,Female,Occupational Therapist,28,Other
P0887,24,Female,Parent/Caregiver,0,South Africa
P0888,29,Female,Classroom Teacher,25,South Africa
P0889,22,Male,School Psychologist,9,United Kingdom
P0890,32,Female,Occupational Therapist,33,United Kingdom
P0891,25,Female,Occupational Therapist,16,United Kingdom
P0892,50,Male,Kinderkineticist,9,South Africa
P0893,42,Female,Kinderkineticist,8,South Africa
P0894,61,Female,Kinderkineticist,28,South Africa
P0895,51,Female,School Psychologist,14,South Africa
P0896,46,Female,Kinderkineticist,12,South Africa
P0897,42,Female,Physiotherapist,25,Netherlands
P0898,24,Female,Physiotherapist,18,South Africa
P0899,24,Female,Occupational Therapist,23,United Kingdom
P0900,46,Female,Occupational Therapist,15,Netherlands
P0901,22,Female,Occupational Therapist,2,South Africa
P0902,23,Female,Classroom Teacher,0,South Africa
P0903,30,Male,Classroom Teacher,1,United Kingdom
P0904,57,Female,Kinderkineticist,20,South Africa
P0905,40,Female,Physiotherapist,17,South Africa
P0906,50,Female,Kinderkineticist,26,Australia
P0907,38,Female,Classroom Teacher,31,Australia
P0908,28,Female,School Psychologist,6,Australia
P0909,36,Male,Kinderkineticist,33,Other
P0910,25,Male,Classroom Teacher,32,South Africa
P0911,52,Female,Kinderkineticist,21,Australia
P0912,29,Female,Physiotherapist,18,United Kingdom
P0913,37,Male,Classroom Teacher,6,United Kingdom
P0914,61,Female,Physiotherapist,6,Australia
P0915,45,Female,Physiotherapist,0,Australia
P0916,40,Female,Physiotherapist,22,New Zealand
P0917,43,Female,Kinderkineticist,15,South Africa
P0918,53,Male,Kinderkineticist,6,United Kingdom
P0919,32,Female,Kinderkineticist,4,South Africa
P0920,47,Male,Physiotherapist,2,United Kingdom
P0921,56,Female,Occupational Therapist,22,Australia
P0922,44,Female,Classroom Teacher,23,Australia
P0923,39,Female,Physiotherapist,22,South Africa
P0924,27,Female,School Psychologist,3,South Africa
P0925,31,Female,Occupational Therapist,1,South Africa
P0926,59,Female,Kinderkineticist,3,South Africa
P0927,43,Female,Kinderkineticist,26,South Africa
P0928,34,Female,Classroom Teacher,25,Netherlands
P0929,38,Female,Occupational Therapist,10,South Africa
P0930,45,Female,School Psychologist,1,Other
P0931,43,Female,Kinderkineticist,11,South Africa
P0932,49,Female,Kinderkineticist,28,Australia
P0933,32,Male,Kinderkineticist,5,United Kingdom
P0934,47,Male,Occupational Therapist,27,United Kingdom
P0935,39,Female,Physiotherapist,16,United Kingdom
P0936,59,Female,Occupational Therapist,4,Australia
P0937,28,Female,Physiotherapist,32,Netherlands
P0938,27,Female,Kinderkineticist,18,United Kingdom
P0939,40,Female,Physiotherapist,23,South Africa
P0940,42,Female,Occupational Therapist,3,South Africa
P0941,49,Female,Occupational Therapist,13,Australia
P0942,38,Female,Occupational Therapist,22,South Africa
P0943,58,Female,Occupational Therapist,22,South Africa
P0944,40,Female,Kinderkineticist,2,United Kingdom
P0945,27,Male,Occupational Therapist,21,South Africa
P0946,26,Male,School Psychologist,33,Australia
P0947,60,Female,Occupational Therapist,27,Australia
P0948,27,Male,Occupational Therapist,7,Australia
P0949,59,Female,Classroom Teacher,31,Australia
P0950,33,Male,Physiotherapist,23,New Zealand
P0951,25,Male,Physiotherapist,1,United Kingdom
P0952,34,Female,School Psychologist,4,Other
P0953,46,Male,School Psychologist,32,South Africa
P0954,39,Non-Binary,Classroom Teacher,7,United Kingdom
P0955,53,Male,Occupational Therapist,3,Australia
P0956,46,Non-Binary,Kinderkineticist,15,South Africa
P0957,38,Female,Parent/Caregiver,18,South Africa
P0958,47,Female,School Psychologist,20,United Kingdom
P0959,60,Male,Occupational Therapist,23,South Africa
P0960,38,Female,Physiotherapist,34,Netherlands
P0961,28,Female,Physiotherapist,26,South Africa
P0962,38,Female,Occupational Therapist,0,South Africa
P0963,55,Female,Kinderkineticist,3,United Kingdom
P0964,30,Female,Occupational Therapist,0,South Africa
P0965,59,Male,Physiotherapist,13,South Africa
P0966,45,Female,Occupational Therapist,12,United Kingdom
P0967,46,Male,Physiotherapist,32,South Africa
P0968,34,Male,Occupational Therapist,12,South Africa
P0969,58,Female,Physiotherapist,1,United Kingdom
P0970,23,Female,Occupational Therapist,30,United Kingdom
P0971,33,Female,School Psychologist,9,Australia
P0972,38,Male,Occupational Therapist,31,South Africa
P0973,41,Male,Kinderkineticist,27,South Africa
P0974,40,Female,Occupational Therapist,30,Other
P0975,27,Female,Occupational Therapist,28,United Kingdom
P0976,31,Female,Occupational Therapist,5,South Africa
P0977,25,Female,Occupational Therapist,21,New Zealand
P0978,44,Male,Occupational Therapist,14,South Africa
P0979,36,Male,Physiotherapist,22,Australia
P0980,44,Female,Kinderkineticist,26,Australia
P0981,45,Male,Occupational Therapist,17,Other
P0982,50,Female,Physiotherapist,10,Other
P0983,43,Male,Kinderkineticist,32,South Africa
P0984,47,Female,Occupational Therapist,23,Australia
P0985,45,Female,Physiotherapist,30,South Africa
P0986,48,Male,Occupational Therapist,8,United Kingdom
P0987,46,Female,Occupational Therapist,29,United Kingdom
P0988,34,Female,Physiotherapist,11,South Africa
P0989,31,Non-Binary,Parent/Caregiver,16,South Africa
P0990,53,Female,Parent/Caregiver,30,South Africa
P0991,35,Female,Parent/Caregiver,12,South Africa
P0992,43,Female,Physiotherapist,8,South Africa
P0993,29,Female,Occupational Therapist,32,Netherlands
P0994,39,Female,Physiotherapist,33,South Africa
P0995,43,Female,Occupational Therapist,10,Australia
P0996,47,Male,Occupational Therapist,10,New Zealand
P0997,43,Female,Occupational Therapist,7,Australia
P0998,36,Female,Physiotherapist,0,South Africa
P0999,60,Male,Physiotherapist,19,New Zealand
P1000,42,Female,Occupational Therapist,8,Australia
P1001,54,Male,Classroom Teacher,29,Australia
P1002,51,Female,Physiotherapist,5,Netherlands
P1003,44,Male,Classroom Teacher,22,United Kingdom
P1004,57,Female,Occupational Therapist,17,South Africa
P1005,27,Female,Kinderkineticist,21,New Zealand
P1006,58,Male,Occupational Therapist,3,South Africa
P1007,56,Female,Physiotherapist,16,Australia
P1008,42,Female,Occupational Therapist,21,South Africa
P1009,51,Female,Occupational Therapist,11,South Africa
P1010,42,Female,Kinderkineticist,30,South Africa
P1011,32,Female,Occupational Therapist,18,South Africa
P1012,53,Female,Occupational Therapist,12,Other
P1013,31,Female,School Psychologist,1,South Africa
P1014,34,Female,Occupational Therapist,5,Australia
P1015,42,Female,Kinderkineticist,16,South Africa
P1016,55,Female,Kinderkineticist,14,Other
P1017,37,Female,Occupational Therapist,30,South Africa
P1018,41,Female,Physiotherapist,27,South Africa
P1019,23,Female,Occupational Therapist,5,South Africa
P1020,26,Female,Classroom Teacher,20,United Kingdom
P1021,24,Female,Occupational Therapist,15,Other
P1022,24,Female,Occupational Therapist,3,Other
P1023,56,Female,Physiotherapist,23,South Africa
P1024,55,Female,School Psychologist,18,South Africa
P1025,54,Female,Classroom Teacher,3,South Africa
P1026,24,Female,School Psychologist,16,South Africa
P1027,25,Male,Kinderkineticist,25,United Kingdom
P1028,33,Female,Kinderkineticist,11,South Africa
P1029,44,Female,Physiotherapist,12,United Kingdom
P1030,35,Female,School Psychologist,3,New Zealand
P1031,41,Female,Kinderkineticist,7,South Africa
P1032,28,Female,Physiotherapist,34,South Africa
P1033,51,Female,Kinderkineticist,21,South Africa
P1034,34,Female,Kinderkineticist,6,South Africa
P1035,24,Female,Occupational Therapist,16,South Africa
P1036,51,Male,Physiotherapist,6,United Kingdom
P1037,58,Male,Physiotherapist,15,South Africa
P1038,22,Female,Classroom Teacher,5,Australia
P1039,39,Female,Physiotherapist,21,New Zealand
P1040,55,Male,Classroom Teacher,19,Netherlands
P1041,50,Female,Physiotherapist,22,United Kingdom
P1042,56,Male,Classroom Teacher,15,South Africa
P1043,38,Female,Occupational Therapist,10,South Africa
P1044,36,Male,School Psychologist,8,South Africa
P1045,50,Non-Binary,Physiotherapist,7,Other
P1046,28,Female,Occupational Therapist,15,Other
P1047,31,Female,Occupational Therapist,15,South Africa
P1048,46,Female,Occupational Therapist,23,South Africa
P1049,48,Female,Physiotherapist,1,South Africa
P1050,26,Female,Classroom Teacher,9,South Africa
P1051,42,Non-Binary,School Psychologist,29,Other
P1052,36,Female,Kinderkineticist,32,South Africa
P1053,42,Female,Kinderkineticist,32,South Africa
P1054,60,Male,Physiotherapist,10,South Africa
P1055,25,Female,Classroom Teacher,4,South Africa
P1056,61,Female,Classroom Teacher,6,South Africa
P1057,39,Non-Binary,Physiotherapist,4,New Zealand
P1058,52,Female,School Psychologist,33,South Africa
P1059,38,Female,Physiotherapist,30,United Kingdom
P1060,34,Female,Classroom Teacher,28,South Africa
P1061,52,Male,Parent/Caregiver,25,South Africa
P1062,49,Female,Classroom Teacher,12,South Africa
P1063,27,Female,Occupational Therapist,16,South Africa
P1064,50,Female,Kinderkineticist,29,South Africa
P1065,52,Female,Occupational Therapist,28,South Africa
P1066,37,Male,Classroom Teacher,18,Australia
P1067,59,Female,Physiotherapist,29,Australia
P1068,47,Non-Binary,Kinderkineticist,12,Netherlands
P1069,35,Female,School Psychologist,14,South Africa
P1070,22,Female,Occupational Therapist,29,Australia
P1071,48,Male,Physiotherapist,13,United Kingdom
P1072,30,Female,Kinderkineticist,26,South Africa
P1073,52,Female,Physiotherapist,15,South Africa
P1074,43,Male,Occupational Therapist,10,South Africa
P1075,40,Female,Occupational Therapist,7,Australia
P1076,28,Female,Physiotherapist,21,South Africa
P1077,50,Non-Binary,Kinderkineticist,16,South Africa
P1078,28,Female,Kinderkineticist,12,Other
P1079,38,Female,Occupational Therapist,26,South Africa
P1080,55,Female,Physiotherapist,0,Other
P1081,58,Female,Physiotherapist,3,Australia
P1082,61,Female,Occupational Therapist,33,New Zealand
P1083,60,Female,Classroom Teacher,23,Australia
P1084,44,Female,Physiotherapist,19,South Africa
P1085,30,Female,Kinderkineticist,0,United Kingdom
P1086,55,Female,School Psychologist,20,Australia
P1087,54,Female,Kinderkineticist,15,Australia
P1088,61,Female,Kinderkineticist,20,South Africa
P1089,48,Female,Occupational Therapist,1,South Africa
P1090,27,Female,Occupational Therapist,19,South Africa
P1091,42,Female,Occupational Therapist,20,South Africa
P1092,39,Male,Classroom Teacher,10,United Kingdom
P1093,55,Female,Classroom Teacher,1,New Zealand
P1094,37,Female,Occupational Therapist,34,Australia
P1095,35,Male,Occupational Therapist,24,United Kingdom
P1096,25,Female,Physiotherapist,21,South Africa
P1097,55,Female,Kinderkineticist,26,South Africa
P1098,52,Female,Kinderkineticist,23,South Africa
P1099,23,Female,Kinderkineticist,4,South Africa
P1100,39,Female,School Psychologist,15,South Africa
P1101,41,Male,Physiotherapist,31,South Africa
P1102,40,Female,Kinderkineticist,10,South Africa
P1103,58,Male,Kinderkineticist,34,United Kingdom
P1104,28,Male,Physiotherapist,2,South Africa
P1105,34,Female,School Psychologist,11,South Africa
P1106,29,Female,Occupational Therapist,12,South Africa
P1107,31,Female,Classroom Teacher,21,United Kingdom
P1108,58,Non-Binary,Classroom Teacher,6,United Kingdom
P1109,59,Female,School Psychologist,8,South Africa
P1110,23,Female,Kinderkineticist,23,South Africa
P1111,47,Female,Physiotherapist,9,Other
P1112,31,Female,Classroom Teacher,30,United Kingdom
P1113,29,Female,Classroom Teacher,30,United Kingdom
P1114,33,Female,Kinderkineticist,10,South Africa
P1115,29,Female,Classroom Teacher,19,Australia
P1116,41,Male,Occupational Therapist,11,New Zealand
P1117,61,Female,Kinderkineticist,12,South Africa
P1118,45,Female,Classroom Teacher,23,United Kingdom
P1119,50,Female,Physiotherapist,10,South Africa
P1120,41,Female,Physiotherapist,5,United Kingdom
P1121,22,Female,School Psychologist,9,South Africa
P1122,25,Female,Classroom Teacher,32,South Africa
P1123,32,Female,School Psychologist,9,Other
P1124,31,Female,Physiotherapist,12,New Zealand
P1125,55,Female,Parent/Caregiver,22,South Africa
P1126,55,Female,Occupational Therapist,3,Other
P1127,56,Female,Kinderkineticist,9,South Africa
P1128,47,Female,Physiotherapist,6,South Africa
P1129,44,Female,Classroom Teacher,32,New Zealand
P1130,47,Female,School Psychologist,32,South Africa
P1131,38,Female,Classroom Teacher,26,South Africa
P1132,48,Male,Kinderkineticist,8,United Kingdom
P1133,53,Non-Binary,Physiotherapist,21,South Africa
P1134,52,Male,Kinderkineticist,23,South Africa
P1135,46,Female,Kinderkineticist,30,South Africa
P1136,24,Female,Occupational Therapist,5,United Kingdom
P1137,50,Female,Kinderkineticist,25,South Africa
P1138,36,Male,Classroom Teacher,6,South Africa
P1139,51,Male,Classroom Teacher,19,Australia
P1140,43,Male,Classroom Teacher,30,South Africa
P1141,57,Male,Physiotherapist,2,South Africa
P1142,35,Female,Kinderkineticist,5,Australia
P1143,59,Male,Occupational Therapist,28,Australia
P1144,55,Male,Physiotherapist,0,South Africa
P1145,35,Female,Physiotherapist,23,New Zealand
P1146,41,Male,Occupational Therapist,17,Australia
P1147,43,Female,Occupational Therapist,12,South Africa
P1148,52,Non-Binary,Kinderkineticist,30,Australia
P1149,49,Male,Physiotherapist,29,Australia
P1150,56,Female,Physiotherapist,11,United Kingdom
P1151,36,Female,Occupational Therapist,0,United Kingdom
P1152,42,Female,Kinderkineticist,4,Australia
P1153,39,Male,Physiotherapist,3,Other
P1154,58,Male,Physiotherapist,34,United Kingdom
P1155,34,Female,Kinderkineticist,20,Australia
P1156,45,Male,Occupational Therapist,23,Australia
P1157,26,Female,School Psychologist,8,New Zealand
P1158,56,Female,Occupational Therapist,29,Other
P1159,37,Female,Physiotherapist,25,South Africa
P1160,35,Female,Occupational Therapist,26,South Africa
P1161,45,Female,Kinderkineticist,16,United Kingdom
P1162,41,Female,Physiotherapist,24,South Africa
P1163,55,Female,Classroom Teacher,19,United Kingdom
P1164,43,Female,Physiotherapist,13,Australia
P1165,42,Male,Kinderkineticist,20,Netherlands
P1166,26,Female,Occupational Therapist,11,South Africa
P1167,22,Male,Occupational Therapist,33,Australia
P1168,37,Female,Physiotherapist,25,South Africa
P1169,61,Female,Kinderkineticist,25,South Africa
P1170,58,Female,Physiotherapist,25,South Africa
P1171,47,Female,Parent/Caregiver,15,South Africa
P1172,47,Female,Classroom Teacher,33,South Africa
P1173,37,Female,Parent/Caregiver,7,Australia
P1174,29,Female,Physiotherapist,19,United Kingdom
P1175,22,Female,Classroom Teacher,2,South Africa
P1176,35,Female,Kinderkineticist,10,South Africa
P1177,34,Female,Kinderkineticist,20,South Africa
P1178,29,Male,Parent/Caregiver,17,Other
P1179,32,Female,Kinderkineticist,32,Netherlands
P1180,22,Male,School Psychologist,21,South Africa
P1181,46,Male,Classroom Teacher,14,South Africa
P1182,59,Male,Occupational Therapist,14,South Africa
P1183,49,Male,Kinderkineticist,21,United Kingdom
P1184,39,Female,Physiotherapist,27,South Africa
P1185,38,Female,School Psychologist,9,South Africa
P1186,34,Female,Classroom Teacher,20,South Africa
P1187,27,Male,Occupational Therapist,20,South Africa
P1188,45,Female,Occupational Therapist,0,South Africa
P1189,44,Female,Occupational Therapist,31,South Africa
P1190,22,Male,Physiotherapist,19,United Kingdom
P1191,38,Female,Occupational Therapist,8,South Africa
P1192,33,Female,Classroom Teacher,22,South Africa
P1193,28,Male,Kinderkineticist,23,United Kingdom
P1194,50,Female,Classroom Teacher,32,South Africa
P1195,43,Female,Occupational Therapist,1,Australia
P1196,47,Male,Kinderkineticist,14,Other
P1197,50,Female,Occupational Therapist,6,South Africa
P1198,61,Female,School Psychologist,20,New Zealand
P1199,54,Female,Occupational Therapist,17,Australia
P1200,46,Female,Occupational Therapist,16,United Kingdom
P1201,57,Female,Occupational Therapist,34,South Africa
P1202,41,Male,Classroom Teacher,18,South Africa
P1203,61,Male,Occupational Therapist,14,South Africa
P1204,52,Female,Kinderkineticist,2,Other
P1205,48,Female,Classroom Teacher,10,United Kingdom
P1206,58,Female,Classroom Teacher,31,South Africa
P1207,42,Female,Occupational Therapist,15,South Africa
P1208,50,Female,Occupational Therapist,31,South Africa
P1209,33,Female,Physiotherapist,18,South Africa
P1210,60,Female,Occupational Therapist,19,United Kingdom
P1211,46,Non-Binary,Kinderkineticist,15,South Africa
P1212,53,Female,Physiotherapist,19,Australia
P1213,40,Male,Physiotherapist,2,United Kingdom
P1214,56,Female,Occupational Therapist,2,United Kingdom
P1215,24,Male,Kinderkineticist,16,Australia
P1216,26,Female,Occupational Therapist,20,South Africa
P1217,42,Female,Kinderkineticist,19,United Kingdom
P1218,51,Male,Occupational Therapist,15,Australia
P1219,54,Male,Parent/Caregiver,10,South Africa
P1220,39,Female,Kinderkineticist,24,South Africa
P1221,47,Female,Occupational Therapist,21,South Africa
P1222,44,Female,Occupational Therapist,1,South Africa
P1223,60,Female,Physiotherapist,15,South Africa
P1224,48,Female,Occupational Therapist,24,South Africa
P1225,38,Male,Occupational Therapist,27,United Kingdom
P1226,60,Female,Classroom Teacher,10,South Africa
P1227,26,Female,Kinderkineticist,32,South Africa
P1228,61,Female,Occupational Therapist,22,South Africa
P1229,28,Female,Kinderkineticist,15,South Africa
P1230,33,Female,Occupational Therapist,21,Other
P1231,54,Female,Parent/Caregiver,30,South Africa
P1232,51,Female,Occupational Therapist,7,South Africa
P1233,60,Female,Classroom Teacher,5,South Africa
P1234,51,Male,Classroom Teacher,15,South Africa
P1235,47,Male,Occupational Therapist,2,United Kingdom
P1236,35,Male,Occupational Therapist,29,Australia
P1237,22,Female,Physiotherapist,33,South Africa
P1238,26,Female,Classroom Teacher,21,United Kingdom
P1239,33,Female,Kinderkineticist,34,South Africa
P1240,23,Female,Kinderkineticist,2,New Zealand
P1241,42,Female,Classroom Teacher,22,United Kingdom
P1242,53,Female,Classroom Teacher,15,South Africa
P1243,60,Female,Physiotherapist,9,Australia
P1244,41,Female,Kinderkineticist,10,New Zealand
P1245,57,Female,Classroom Teacher,19,South Africa
P1246,61,Female,Occupational Therapist,22,Other
P1247,56,Female,Classroom Teacher,5,New Zealand
P1248,40,Female,Occupational Therapist,21,South Africa
P1249,35,Female,Occupational Therapist,32,Australia
P1250,61,Female,Classroom Teacher,0,United Kingdom
P1251,31,Female,Physiotherapist,30,South Africa
P1252,38,Male,Occupational Therapist,21,South Africa
P1253,24,Female,Occupational Therapist,11,New Zealand
P1254,53,Female,Kinderkineticist,25,United Kingdom
P1255,47,Male,Classroom Teacher,21,South Africa
P1256,25,Female,Occupational Therapist,26,South Africa
P1257,30,Male,Occupational Therapist,2,South Africa
P1258,44,Male,Physiotherapist,2,Netherlands
P1259,43,Female,School Psychologist,22,Australia
P1260,54,Female,Occupational Therapist,10,South Africa
P1261,32,Female,School Psychologist,8,New Zealand
P1262,58,Non-Binary,School Psychologist,14,New Zealand
P1263,39,Female,Physiotherapist,25,South Africa
P1264,54,Female,Classroom Teacher,6,South Africa
P1265,31,Female,Kinderkineticist,34,United Kingdom
P1266,23,Female,Kinderkineticist,14,South Africa
P1267,24,Male,Physiotherapist,5,South Africa
P1268,36,Female,Classroom Teacher,2,United Kingdom
P1269,60,Male,Classroom Teacher,30,Netherlands
P1270,23,Male,Classroom Teacher,3,South Africa
P1271,36,Female,Parent/Caregiver,14,New Zealand
P1272,26,Female,Physiotherapist,23,Netherlands
P1273,59,Male,Classroom Teacher,17,South Africa
P1274,49,Male,Classroom Teacher,9,South Africa
P1275,52,Male,Occupational Therapist,3,Australia
P1276,50,Female,Occupational Therapist,24,Australia
P1277,48,Female,Physiotherapist,17,South Africa
P1278,52,Female,Classroom Teacher,1,United Kingdom
P1279,22,Male,Physiotherapist,6,United Kingdom
P1280,56,Female,Classroom Teacher,19,Australia
P1281,51,Female,Occupational Therapist,5,Australia
P1282,51,Female,Physiotherapist,13,South Africa
P1283,37,Female,Kinderkineticist,4,South Africa
P1284,54,Female,Occupational Therapist,27,South Africa
P1285,37,Female,School Psychologist,22,Netherlands
P1286,23,Female,Occupational Therapist,27,Netherlands
P1287,58,Male,School Psychologist,1,Australia
P1288,31,Male,Occupational Therapist,13,South Africa
P1289,26,Female,Parent/Caregiver,9,United Kingdom
P1290,46,Female,Kinderkineticist,21,South Africa
P1291,31,Non-Binary,Occupational Therapist,28,South Africa
P1292,56,Female,Occupational Therapist,7,South Africa
P1293,39,Female,Occupational Therapist,26,New Zealand
P1294,22,Female,Kinderkineticist,20,South Africa
P1295,60,Female,Classroom Teacher,28,United Kingdom
P1296,42,Female,Physiotherapist,2,Other
P1297,32,Male,Physiotherapist,34,United Kingdom
P1298,49,Female,Kinderkineticist,15,South Africa
P1299,43,Female,Kinderkineticist,9,Netherlands
P1300,23,Male,Kinderkineticist,6,United Kingdom
P1301,52,Male,Physiotherapist,34,South Africa
P1302,38,Male,Classroom Teacher,30,United Kingdom
P1303,49,Female,Parent/Caregiver,4,New Zealand
P1304,57,Female,Physiotherapist,15,South Africa
P1305,46,Female,Occupational Therapist,25,South Africa
P1306,48,Female,Occupational Therapist,20,South Africa
P1307,32,Female,Kinderkineticist,6,South Africa
P1308,31,Female,Physiotherapist,12,Australia
P1309,38,Female,School Psychologist,12,South Africa
P1310,56,Male,Kinderkineticist,10,South Africa
P1311,42,Non-Binary,Kinderkineticist,33,South Africa
P1312,35,Female,Classroom Teacher,7,South Africa
P1313,53,Female,Occupational Therapist,24,South Africa
P1314,56,Female,Classroom Teacher,31,United Kingdom
P1315,58,Female,Occupational Therapist,27,South Africa
P1316,33,Female,Kinderkineticist,27,South Africa
P1317,50,Female,School Psychologist,5,New Zealand
P1318,45,Male,Classroom Teacher,4,Other
P1319,39,Female,Classroom Teacher,27,South Africa
P1320,37,Male,Physiotherapist,26,South Africa
P1321,26,Female,Classroom Teacher,25,South Africa
P1322,32,Female,Kinderkineticist,14,South Africa
P1323,43,Female,Kinderkineticist,18,South Africa
P1324,57,Female,Occupational Therapist,0,Netherlands
P1325,56,Female,Occupational Therapist,10,Australia
P1326,29,Non-Binary,Kinderkineticist,18,South Africa
P1327,49,Female,Occupational Therapist,4,Other
P1328,25,Female,Classroom Teacher,4,South Africa
P1329,49,Female,Classroom Teacher,1,South Africa
P1330,35,Female,School Psychologist,7,South Africa
P1331,39,Female,Occupational Therapist,34,South Africa
P1332,50,Female,School Psychologist,24,New Zealand
P1333,38,Male,Occupational Therapist,33,South Africa
P1334,54,Female,Physiotherapist,8,United Kingdom
P1335,43,Female,Classroom Teacher,20,South Africa
P1336,61,Female,Occupational Therapist,31,Netherlands
P1337,47,Male,Occupational Therapist,12,United Kingdom
P1338,33,Female,Occupational Therapist,23,South Africa
P1339,53,Female,Kinderkineticist,24,South Africa
P1340,38,Female,Classroom Teacher,29,Netherlands
P1341,43,Female,Occupational Therapist,33,South Africa
P1342,27,Female,Occupational Therapist,21,South Africa
P1343,26,Male,Kinderkineticist,20,New Zealand
P1344,44,Female,Occupational Therapist,30,South Africa
P1345,29,Male,Classroom Teacher,23,South Africa
P1346,61,Female,School Psychologist,12,South Africa
P1347,56,Male,Classroom Teacher,22,South Africa
P1348,50,Male,Classroom Teacher,19,South Africa
P1349,51,Female,Kinderkineticist,8,South Africa
P1350,45,Female,Classroom Teacher,18,South Africa
P1351,24,Female,Occupational Therapist,21,South Africa
P1352,37,Male,Occupational Therapist,31,South Africa
P1353,41,Female,Kinderkineticist,20,Other
P1354,58,Female,Occupational Therapist,5,United Kingdom
P1355,30,Female,School Psychologist,34,South Africa
P1356,41,Male,Kinderkineticist,20,South Africa
P1357,35,Female,School Psychologist,10,Australia
P1358,27,Female,Physiotherapist,26,South Africa
P1359,26,Non-Binary,Physiotherapist,13,South Africa
P1360,36,Female,Classroom Teacher,12,United Kingdom
P1361,25,Male,Occupational Therapist,29,South Africa
P1362,24,Female,Kinderkineticist,30,Australia
P1363,36,Female,Kinderkineticist,18,New Zealand
P1364,30,Male,Parent/Caregiver,13,New Zealand
P1365,44,Female,Classroom Teacher,30,South Africa
P1366,22,Female,Occupational Therapist,6,South Africa
P1367,34,Female,Physiotherapist,26,South Africa
P1368,40,Female,Kinderkineticist,20,Australia
P1369,60,Female,Occupational Therapist,29,Netherlands
P1370,47,Female,Physiotherapist,14,Netherlands
P1371,57,Female,Physiotherapist,29,South Africa
P1372,35,Female,Occupational Therapist,0,New Zealand
P1373,39,Female,Kinderkineticist,26,South Africa
P1374,38,Female,Occupational Therapist,2,New Zealand
P1375,57,Female,Kinderkineticist,22,South Africa
P1376,60,Female,Occupational Therapist,6,South Africa
P1377,60,Male,Classroom Teacher,33,South Africa
P1378,52,Female,Occupational Therapist,26,Other
P1379,42,Female,School Psychologist,3,South Africa
P1380,43,Female,Occupational Therapist,31,South Africa
P1381,61,Male,Kinderkineticist,8,South Africa
P1382,33,Female,Physiotherapist,19,South Africa
P1383,35,Female,Occupational Therapist,2,Netherlands
P1384,57,Female,Physiotherapist,3,South Africa
P1385,37,Female,Classroom Teacher,8,South Africa
P1386,31,Male,School Psychologist,18,Australia
P1387,44,Non-Binary,Physiotherapist,19,South Africa
P1388,35,Female,Occupational Therapist,29,South Africa
P1389,57,Male,Classroom Teacher,5,South Africa
P1390,58,Female,Kinderkineticist,26,South Africa
P1391,34,Female,Occupational Therapist,0,South Africa
P1392,43,Male,Classroom Teacher,10,South Africa
P1393,61,Female,Kinderkineticist,6,South Africa
P1394,51,Female,Kinderkineticist,4,Australia
P1395,30,Female,Physiotherapist,20,New Zealand
P1396,45,Non-Binary,Physiotherapist,31,New Zealand
P1397,46,Female,Occupational Therapist,23,South Africa
P1398,48,Female,Classroom Teacher,29,South Africa
P1399,23,Female,Occupational Therapist,20,Other
P1400,33,Female,Classroom Teacher,1,Australia
P1401,56,Female,Classroom Teacher,12,South Africa
P1402,31,Male,Classroom Teacher,28,South Africa
P1403,33,Male,Occupational Therapist,1,South Africa
P1404,34,Male,Occupational Therapist,3,South Africa
P1405,29,Male,Physiotherapist,29,South Africa
P1406,28,Female,Kinderkineticist,2,South Africa
P1407,35,Female,School Psychologist,33,Other
P1408,56,Female,Physiotherapist,26,United Kingdom
P1409,22,Female,Classroom Teacher,23,United Kingdom
P1410,33,Male,Occupational Therapist,18,South Africa
P1411,24,Female,Physiotherapist,3,Australia
P1412,44,Non-Binary,Occupational Therapist,14,Australia
P1413,32,Female,Classroom Teacher,28,South Africa
P1414,53,Female,Occupational Therapist,31,United Kingdom
P1415,45,Female,Occupational Therapist,15,United Kingdom
P1416,53,Female,Classroom Teacher,29,New Zealand
P1417,47,Female,Kinderkineticist,27,South Africa
P1418,39,Female,Occupational Therapist,2,New Zealand
P1419,56,Female,Occupational Therapist,21,South Africa
P1420,41,Male,Kinderkineticist,21,South Africa
P1421,59,Female,Physiotherapist,19,South Africa
P1422,61,Female,Occupational Therapist,27,South Africa
P1423,45,Male,Kinderkineticist,31,South Africa
P1424,48,Female,Occupational Therapist,19,South Africa
P1425,32,Male,Kinderkineticist,11,Australia
P1426,54,Male,Physiotherapist,34,South Africa
P1427,48,Female,Occupational Therapist,33,Other
P1428,58,Female,Occupational Therapist,24,South Africa
P1429,32,Female,Occupational Therapist,22,United Kingdom
P1430,53,Male,Occupational Therapist,3,Netherlands
P1431,40,Male,Physiotherapist,14,New Zealand
P1432,29,Female,School Psychologist,6,United Kingdom
P1433,28,Female,Classroom Teacher,18,Australia
P1434,44,Female,Physiotherapist,28,South Africa
P1435,34,Female,Kinderkineticist,7,South Africa
P1436,26,Male,Kinderkineticist,34,South Africa
P1437,39,Female,Classroom Teacher,4,South Africa
P1438,48,Female,Occupational Therapist,3,South Africa
P1439,34,Female,Physiotherapist,34,South Africa
P1440,60,Male,Physiotherapist,3,Netherlands
P1441,53,Non-Binary,Occupational Therapist,25,New Zealand
P1442,42,Female,Physiotherapist,26,Australia
P1443,59,Female,Classroom Teacher,11,Australia
P1444,39,Female,School Psychologist,2,South Africa
P1445,27,Female,Occupational Therapist,10,South Africa
P1446,23,Female,Physiotherapist,2,United Kingdom
P1447,59,Female,Physiotherapist,23,United Kingdom
P1448,60,Female,Physiotherapist,31,South Africa
P1449,51,Female,Kinderkineticist,34,South Africa
P1450,26,Female,Occupational Therapist,28,South Africa
P1451,33,Female,Classroom Teacher,27,South Africa
P1452,23,Male,Parent/Caregiver,30,South Africa
P1453,24,Female,Kinderkineticist,26,South Africa
P1454,31,Male,Kinderkineticist,22,United Kingdom
P1455,44,Female,Kinderkineticist,34,Other
P1456,24,Female,Physiotherapist,11,South Africa
P1457,61,Female,Occupational Therapist,14,Australia
P1458,40,Female,Kinderkineticist,31,Australia
P1459,32,Female,Occupational Therapist,10,South Africa
P1460,42,Female,Classroom Teacher,10,United Kingdom
P1461,53,Male,Physiotherapist,5,South Africa
P1462,34,Female,Physiotherapist,9,United Kingdom
P1463,23,Female,Physiotherapist,20,South Africa
P1464,24,Female,Parent/Caregiver,31,Netherlands
P1465,56,Female,Occupational Therapist,4,Other
P1466,26,Male,Occupational Therapist,23,South Africa
P1467,47,Male,Occupational Therapist,26,South Africa
P1468,37,Female,Kinderkineticist,31,South Africa
P1469,53,Female,Parent/Caregiver,26,Australia
P1470,24,Female,Occupational Therapist,5,United Kingdom
P1471,57,Female,School Psychologist,17,South Africa
P1472,49,Male,Occupational Therapist,33,Australia
P1473,39,Male,Kinderkineticist,31,South Africa
P1474,30,Female,Occupational Therapist,21,South Africa
P1475,61,Female,Physiotherapist,33,South Africa
P1476,34,Female,Kinderkineticist,23,South Africa
P1477,41,Female,Kinderkineticist,2,South Africa
P1478,37,Female,Occupational Therapist,31,South Africa
P1479,31,Female,Classroom Teacher,5,South Africa
P1480,38,Male,Parent/Caregiver,13,Netherlands
P1481,28,Female,Physiotherapist,8,South Africa
P1482,22,Female,Kinderkineticist,25,Netherlands
P1483,33,Female,Classroom Teacher,1,United Kingdom
P1484,26,Female,Occupational Therapist,22,Australia
P1485,38,Male,Classroom Teacher,30,South Africa
P1486,56,Female,Physiotherapist,27,Australia
P1487,28,Male,Classroom Teacher,10,South Africa
P1488,22,Male,Occupational Therapist,31,South Africa
P1489,26,Female,Physiotherapist,12,South Africa
P1490,42,Female,Kinderkineticist,23,South Africa
P1491,32,Male,Kinderkineticist,17,Netherlands
P1492,41,Female,Classroom Teacher,2,Other
P1493,23,Female,Parent/Caregiver,0,Australia
P1494,35,Male,Occupational Therapist,6,South Africa
P1495,38,Male,Occupational Therapist,32,New Zealand
P1496,39,Female,Physiotherapist,33,Australia
P1497,44,Female,Physiotherapist,14,South Africa
P1498,53,Female,Physiotherapist,33,South Africa
P1499,40,Male,Classroom Teacher,1,United Kingdom
P1500,55,Female,Classroom Teacher,33,South Africa
P1501,43,Female,Occupational Therapist,8,South Africa
P1502,32,Female,Physiotherapist,1,Australia
P1503,31,Male,Kinderkineticist,26,South Africa
P1504,34,Male,Physiotherapist,13,South Africa
P1505,45,Female,Occupational Therapist,10,South Africa
P1506,31,Female,Physiotherapist,26,Australia
P1507,58,Male,Physiotherapist,11,Other
P1508,41,Male,Occupational Therapist,26,New Zealand
P1509,56,Female,Classroom Teacher,6,United Kingdom
P1510,49,Female,Physiotherapist,3,United Kingdom
P1511,35,Female,Kinderkineticist,11,United Kingdom
P1512,31,Female,Kinderkineticist,21,South Africa
P1513,51,Female,Classroom Teacher,7,South Africa
P1514,35,Female,Occupational Therapist,5,United Kingdom
P1515,31,Female,Occupational Therapist,26,Australia
P1516,59,Male,Physiotherapist,17,South Africa
P1517,41,Female,Physiotherapist,15,New Zealand
P1518,23,Female,Physiotherapist,8,United Kingdom
P1519,41,Female,Classroom Teacher,0,South Africa
P1520,40,Female,Occupational Therapist,1,South Africa
P1521,56,Female,Occupational Therapist,23,South Africa
P1522,50,Female,Physiotherapist,2,South Africa
P1523,29,Female,Classroom Teacher,8,South Africa
P1524,28,Female,Classroom Teacher,31,South Africa
P1525,46,Male,Classroom Teacher,12,South Africa
P1526,23,Female,Kinderkineticist,26,South Africa
P1527,34,Male,Classroom Teacher,12,Australia
P1528,27,Male,Kinderkineticist,32,Australia
P1529,22,Male,Occupational Therapist,28,South Africa
P1530,58,Female,Kinderkineticist,16,South Africa
P1531,25,Female,Classroom Teacher,23,South Africa
P1532,22,Female,Physiotherapist,14,South Africa
P1533,59,Female,Kinderkineticist,33,South Africa
P1534,29,Female,Physiotherapist,12,South Africa
P1535,54,Male,Kinderkineticist,29,South Africa
P1536,23,Female,Occupational Therapist,21,Other
P1537,28,Male,Kinderkineticist,22,South Africa
P1538,26,Female,Classroom Teacher,12,New Zealand
P1539,50,Female,Occupational Therapist,29,South Africa
P1540,46,Female,Physiotherapist,26,South Africa
P1541,41,Female,Occupational Therapist,28,Netherlands
P1542,31,Female,Occupational Therapist,28,South Africa
P1543,25,Female,Parent/Caregiver,5,United Kingdom
P1544,44,Female,Physiotherapist,30,Other
P1545,31,Female,Physiotherapist,29,United Kingdom
P1546,45,Female,Occupational Therapist,8,South Africa
P1547,49,Male,Parent/Caregiver,34,South Africa
P1548,55,Female,Occupational Therapist,18,South Africa
P1549,41,Female,Classroom Teacher,11,South Africa
P1550,22,Female,Physiotherapist,7,South Africa
P1551,33,Female,Occupational Therapist,12,New Zealand
P1552,56,Female,Kinderkineticist,1,United Kingdom
P1553,43,Female,Occupational Therapist,24,South Africa
P1554,46,Male,Kinderkineticist,24,South Africa
P1555,40,Female,Occupational Therapist,23,United Kingdom
P1556,28,Female,Classroom Teacher,19,Netherlands
P1557,57,Female,Classroom Teacher,12,South Africa
P1558,52,Female,Classroom Teacher,25,South Africa
P1559,61,Female,Occupational Therapist,30,New Zealand
P1560,56,Female,Classroom Teacher,3,New Zealand
P1561,33,Female,Parent/Caregiver,13,Netherlands
P1562,32,Female,Occupational Therapist,34,South Africa
P1563,31,Male,Occupational Therapist,30,South Africa
P1564,58,Female,Classroom Teacher,34,South Africa
P1565,44,Female,Occupational Therapist,6,South Africa
P1566,40,Female,Kinderkineticist,16,New Zealand
P1567,60,Female,Classroom Teacher,4,South Africa
P1568,46,Female,Occupational Therapist,30,United Kingdom
P1569,58,Female,Kinderkineticist,18,Netherlands
P1570,61,Non-Binary,Kinderkineticist,8,Other
P1571,25,Female,Physiotherapist,3,United Kingdom
P1572,36,Female,Classroom Teacher,25,Netherlands
P1573,51,Male,Occupational Therapist,28,South Africa
P1574,54,Male,Physiotherapist,30,South Africa
P1575,27,Female,Classroom Teacher,33,South Africa
P1576,34,Female,Occupational Therapist,28,Other
P1577,43,Female,Classroom Teacher,27,Netherlands
P1578,53,Male,Occupational Therapist,28,South Africa
P1579,26,Female,Physiotherapist,34,South Africa
P1580,46,Male,Occupational Therapist,16,South Africa
P1581,33,Female,Kinderkineticist,26,South Africa
P1582,30,Male,Classroom Teacher,28,New Zealand
P1583,42,Female,Classroom Teacher,4,South Africa
P1584,38,Female,Parent/Caregiver,24,Australia
P1585,47,Female,Kinderkineticist,11,United Kingdom
P1586,34,Female,Classroom Teacher,4,South Africa
P1587,54,Female,Kinderkineticist,5,South Africa
P1588,25,Female,School Psychologist,3,Other
P1589,56,Female,Kinderkineticist,31,United Kingdom
P1590,23,Female,School Psychologist,27,South Africa
P1591,51,Male,Occupational Therapist,3,South Africa
P1592,35,Male,Physiotherapist,21,Netherlands
P1593,37,Female,Classroom Teacher,23,New Zealand
P1594,22,Female,Occupational Therapist,18,Australia
P1595,50,Female,Occupational Therapist,21,United Kingdom
P1596,28,Male,Parent/Caregiver,31,New Zealand
P1597,48,Female,Physiotherapist,18,South Africa
P1598,51,Female,Occupational Therapist,23,Australia
P1599,55,Male,Physiotherapist,19,South Africa
P1600,50,Male,Physiotherapist,13,United Kingdom
P1601,34,Female,Kinderkineticist,31,Other
P1602,51,Female,School Psychologist,14,Other
P1603,55,Female,Parent/Caregiver,27,South Africa
P1604,34,Male,Kinderkineticist,21,United Kingdom
P1605,26,Female,Kinderkineticist,23,New Zealand
P1606,57,Female,Physiotherapist,26,Other
P1607,27,Female,Classroom Teacher,25,Australia
P1608,45,Female,Occupational Therapist,19,South Africa
P1609,31,Female,Occupational Therapist,21,South Africa
P1610,27,Female,Parent/Caregiver,17,New Zealand
P1611,53,Male,Classroom Teacher,11,Australia
P1612,27,Male,Physiotherapist,25,Australia
P1613,48,Female,Kinderkineticist,30,United Kingdom
P1614,49,Male,Physiotherapist,24,South Africa
P1615,24,Female,Physiotherapist,27,South Africa
P1616,28,Female,Physiotherapist,29,Australia
P1617,53,Female,Occupational Therapist,12,South Africa
P1618,42,Male,Kinderkineticist,2,United Kingdom
P1619,26,Male,Physiotherapist,11,Australia
P1620,61,Male,Kinderkineticist,26,New Zealand
P1621,32,Male,Occupational Therapist,28,South Africa
P1622,22,Male,School Psychologist,17,Australia
P1623,58,Female,Kinderkineticist,27,South Africa
P1624,22,Male,School Psychologist,2,South Africa
P1625,44,Female,Occupational Therapist,22,South Africa
P1626,61,Female,Kinderkineticist,23,South Africa
P1627,45,Female,Classroom Teacher,17,Netherlands
P1628,45,Female,Physiotherapist,25,Netherlands
P1629,37,Female,Occupational Therapist,17,South Africa
P1630,27,Female,Occupational Therapist,18,New Zealand
P1631,44,Female,Occupational Therapist,21,South Africa
P1632,57,Female,Physiotherapist,27,Australia
P1633,25,Male,Physiotherapist,8,New Zealand
P1634,57,Female,Occupational Therapist,10,United Kingdom
P1635,38,Female,Kinderkineticist,14,South Africa
P1636,43,Female,Occupational Therapist,7,South Africa
P1637,28,Female,Physiotherapist,11,South Africa
P1638,46,Female,Kinderkineticist,12,Netherlands
P1639,29,Male,Occupational Therapist,10,United Kingdom
P1640,32,Female,Occupational Therapist,14,South Africa
P1641,50,Female,Occupational Therapist,17,South Africa
P1642,24,Male,Occupational Therapist,24,Netherlands
P1643,39,Female,Physiotherapist,10,South Africa
P1644,45,Male,Occupational Therapist,29,Australia
P1645,27,Female,Occupational Therapist,16,United Kingdom
P1646,33,Male,Parent/Caregiver,25,South Africa
P1647,35,Male,School Psychologist,4,South Africa
P1648,48,Male,Occupational Therapist,6,South Africa
P1649,61,Female,Physiotherapist,15,South Africa
P1650,55,Male,Physiotherapist,12,Australia
P1651,29,Non-Binary,Classroom Teacher,17,Australia
P1652,22,Female,Classroom Teacher,5,South Africa
P1653,24,Male,Occupational Therapist,16,South Africa
P1654,45,Male,Occupational Therapist,24,South Africa
P1655,28,Female,Physiotherapist,25,South Africa
P1656,31,Male,Classroom Teacher,8,Australia
P1657,55,Female,School Psychologist,12,Australia
P1658,56,Female,Occupational Therapist,18,Australia
P1659,55,Female,Kinderkineticist,18,South Africa
P1660,32,Female,Occupational Therapist,27,United Kingdom
P1661,46,Male,Kinderkineticist,13,South Africa
P1662,46,Female,School Psychologist,23,Other
P1663,29,Female,Physiotherapist,30,United Kingdom
P1664,44,Female,Occupational Therapist,10,Netherlands
P1665,43,Female,Kinderkineticist,28,South Africa
P1666,37,Male,Physiotherapist,11,South Africa
P1667,52,Male,Classroom Teacher,11,Australia
P1668,49,Female,Physiotherapist,22,South Africa
P1669,43,Female,Classroom Teacher,21,United Kingdom
P1670,51,Female,Occupational Therapist,19,South Africa
P1671,52,Female,Occupational Therapist,8,Other
P1672,44,Female,Physiotherapist,3,South Africa
P1673,32,Female,Occupational Therapist,31,Netherlands
P1674,52,Female,Physiotherapist,30,South Africa
P1675,50,Female,Kinderkineticist,31,South Africa
P1676,61,Female,Occupational Therapist,17,South Africa
P1677,27,Female,Occupational Therapist,30,South Africa
P1678,38,Male,Occupational Therapist,16,Other
P1679,58,Male,Occupational Therapist,2,Netherlands
P1680,42,Female,Classroom Teacher,6,Other
P1681,59,Male,School Psychologist,9,Other
P1682,22,Male,Occupational Therapist,13,United Kingdom
P1683,23,Female,Classroom Teacher,32,South Africa
P1684,53,Female,Classroom Teacher,11,New Zealand
P1685,36,Female,Parent/Caregiver,21,South Africa
P1686,42,Male,Physiotherapist,9,New Zealand
P1687,39,Female,Physiotherapist,22,South Africa
P1688,38,Female,Physiotherapist,19,United Kingdom
P1689,59,Female,Classroom Teacher,5,South Africa
P1690,25,Female,Classroom Teacher,16,South Africa
P1691,52,Male,Physiotherapist,3,South Africa
P1692,57,Female,Occupational Therapist,31,South Africa
P1693,48,Male,Classroom Teacher,24,South Africa
P1694,37,Non-Binary,Classroom Teacher,32,South Africa
P1695,28,Male,Physiotherapist,30,South Africa
P1696,49,Female,Kinderkineticist,7,United Kingdom
P1697,40,Male,Physiotherapist,24,South Africa
P1698,27,Female,Physiotherapist,3,New Zealand
P1699,36,Female,Kinderkineticist,33,South Africa
P1700,60,Male,Classroom Teacher,27,United Kingdom
P1701,32,Female,Parent/Caregiver,23,South Africa
P1702,29,Female,Physiotherapist,34,South Africa
P1703,49,Female,Physiotherapist,29,United Kingdom
P1704,29,Male,Physiotherapist,30,United Kingdom
P1705,58,Female,Occupational Therapist,3,South Africa
P1706,56,Female,Physiotherapist,0,South Africa
P1707,61,Male,Occupational Therapist,33,South Africa
P1708,58,Female,Physiotherapist,8,South Africa
P1709,31,Female,Occupational Therapist,14,South Africa
P1710,30,Female,Physiotherapist,1,United Kingdom
P1711,35,Non-Binary,Classroom Teacher,21,South Africa
P1712,40,Female,Occupational Therapist,28,Australia
P1713,57,Female,Kinderkineticist,29,South Africa
P1714,51,Female,School Psychologist,20,South Africa
P1715,47,Male,Kinderkineticist,23,South Africa
P1716,57,Female,Occupational Therapist,17,South Africa
P1717,47,Female,Physiotherapist,15,South Africa
P1718,37,Non-Binary,Kinderkineticist,19,New Zealand
P1719,38,Female,Kinderkineticist,32,Australia
P1720,42,Female,Occupational Therapist,8,South Africa
P1721,25,Female,Physiotherapist,16,South Africa
P1722,51,Male,Kinderkineticist,21,New Zealand
P1723,48,Female,Occupational Therapist,19,South Africa
P1724,51,Female,Kinderkineticist,1,South Africa
P1725,43,Female,Occupational Therapist,10,New Zealand
P1726,53,Male,Physiotherapist,22,South Africa
P1727,59,Male,Classroom Teacher,24,South Africa
P1728,44,Female,Occupational Therapist,25,South Africa
P1729,39,Female,Kinderkineticist,34,United Kingdom
P1730,26,Male,Physiotherapist,23,South Africa
P1731,53,Female,Physiotherapist,20,United Kingdom
P1732,58,Female,School Psychologist,11,South Africa
P1733,49,Female,Physiotherapist,12,South Africa
P1734,56,Female,Occupational Therapist,28,South Africa
P1735,56,Female,School Psychologist,16,New Zealand
P1736,53,Female,Classroom Teacher,25,South Africa
P1737,42,Female,Kinderkineticist,4,Australia
P1738,25,Female,Occupational Therapist,4,South Africa
P1739,22,Female,Occupational Therapist,7,South Africa
P1740,30,Female,Kinderkineticist,6,South Africa
P1741,39,Female,Occupational Therapist,21,South Africa
P1742,51,Male,Occupational Therapist,22,South Africa
P1743,40,Female,Classroom Teacher,19,Australia
P1744,22,Male,Physiotherapist,10,Netherlands
P1745,30,Female,Occupational Therapist,20,Australia
P1746,61,Male,Occupational Therapist,4,United Kingdom
P1747,61,Female,Physiotherapist,16,South Africa
P1748,37,Female,Kinderkineticist,5,United Kingdom
P1749,54,Female,Classroom Teacher,2,South Africa
P1750,50,Female,Occupational Therapist,5,Australia
P1751,59,Female,Occupational Therapist,3,New Zealand
P1752,57,Male,Kinderkineticist,16,South Africa
P1753,47,Male,Physiotherapist,19,Netherlands
P1754,37,Female,Physiotherapist,21,New Zealand
P1755,47,Male,School Psychologist,15,South Africa
P1756,34,Male,Kinderkineticist,6,Netherlands
P1757,35,Male,Physiotherapist,0,South Africa
P1758,46,Female,Parent/Caregiver,24,South Africa
P1759,44,Female,Occupational Therapist,34,South Africa
P1760,45,Female,School Psychologist,9,United Kingdom
P1761,37,Female,Kinderkineticist,7,South Africa
P1762,38,Male,Kinderkineticist,10,Netherlands
P1763,22,Female,School Psychologist,7,South Africa
P1764,46,Female,Kinderkineticist,7,South Africa
P1765,45,Female,Physiotherapist,17,United Kingdom
P1766,59,Male,Occupational Therapist,27,South Africa
P1767,42,Female,Kinderkineticist,24,Australia
P1768,40,Female,Kinderkineticist,33,South Africa
P1769,24,Male,Occupational Therapist,12,Other
P1770,29,Non-Binary,Classroom Teacher,17,United Kingdom
P1771,35,Female,Kinderkineticist,13,South Africa
P1772,37,Male,Physiotherapist,1,South Africa
P1773,36,Male,Occupational Therapist,13,South Africa
P1774,37,Female,Physiotherapist,9,Other
P1775,52,Male,Occupational Therapist,16,United Kingdom
P1776,27,Female,Occupational Therapist,5,South Africa
P1777,35,Female,Physiotherapist,25,South Africa
P1778,28,Female,Occupational Therapist,29,New Zealand
P1779,34,Female,Occupational Therapist,33,South Africa
P1780,49,Female,Kinderkineticist,2,Australia
P1781,23,Female,Physiotherapist,4,Australia
P1782,35,Female,Parent/Caregiver,33,South Africa
P1783,22,Female,School Psychologist,29,South Africa
P1784,60,Female,Kinderkineticist,20,South Africa
P1785,51,Female,Parent/Caregiver,11,South Africa
P1786,31,Female,Classroom Teacher,18,Other
P1787,29,Female,Physiotherapist,18,United Kingdom
P1788,25,Female,Classroom Teacher,29,New Zealand
P1789,40,Male,Occupational Therapist,18,South Africa
P1790,52,Female,Kinderkineticist,0,South Africa
P1791,45,Male,Physiotherapist,24,Australia
P1792,57,Female,Occupational Therapist,27,South Africa
P1793,35,Male,Occupational Therapist,10,South Africa
P1794,33,Non-Binary,School Psychologist,4,South Africa
P1795,41,Male,Physiotherapist,4,United Kingdom
P1796,30,Female,Occupational Therapist,29,Australia
P1797,61,Female,Occupational Therapist,15,South Africa
P1798,29,Female,Physiotherapist,18,New Zealand
P1799,41,Female,Classroom Teacher,33,South Africa
P1800,42,Male,Classroom Teacher,2,South Africa
P1801,24,Non-Binary,Physiotherapist,7,South Africa
P1802,40,Female,Occupational Therapist,29,Australia
P1803,40,Female,Occupational Therapist,18,South Africa
P1804,32,Female,Physiotherapist,0,South Africa
P1805,27,Female,Classroom Teacher,24,South Africa
P1806,23,Female,Classroom Teacher,4,United Kingdom
P1807,22,Female,Physiotherapist,27,Australia
P1808,41,Male,Kinderkineticist,27,South Africa
P1809,25,Female,Physiotherapist,28,Netherlands
P1810,60,Female,Kinderkineticist,16,South Africa
P1811,31,Female,Kinderkineticist,9,South Africa
P1812,48,Male,Kinderkineticist,30,United Kingdom
P1813,48,Female,Kinderkineticist,19,Australia
P1814,41,Female,School Psychologist,22,South Africa
P1815,57,Female,Physiotherapist,4,United Kingdom
P1816,26,Female,Occupational Therapist,21,South Africa
P1817,31,Female,Occupational Therapist,20,United Kingdom
P1818,32,Female,Kinderkineticist,10,United Kingdom
P1819,27,Female,Kinderkineticist,26,Other
P1820,33,Male,Kinderkineticist,4,South Africa
P1821,34,Female,Classroom Teacher,25,United Kingdom
P1822,52,Female,Occupational Therapist,33,United Kingdom
P1823,34,Female,Kinderkineticist,19,South Africa
P1824,57,Male,Classroom Teacher,3,South Africa
P1825,52,Non-Binary,Physiotherapist,19,Other
P1826,58,Male,Physiotherapist,18,South Africa
P1827,26,Female,Occupational Therapist,19,Australia
P1828,61,Female,Physiotherapist,9,South Africa
P1829,46,Male,Classroom Teacher,21,Australia
P1830,61,Male,School Psychologist,9,South Africa
P1831,36,Female,Kinderkineticist,19,Other
P1832,60,Female,Physiotherapist,20,United Kingdom
P1833,45,Female,Kinderkineticist,22,South Africa
P1834,24,Male,Classroom Teacher,27,United Kingdom
P1835,38,Female,Physiotherapist,30,United Kingdom
P1836,27,Female,Classroom Teacher,27,South Africa
P1837,59,Female,Occupational Therapist,27,South Africa
P1838,34,Female,Occupational Therapist,30,Australia
P1839,30,Female,Occupational Therapist,8,Australia
P1840,44,Female,Occupational Therapist,10,South Africa
P1841,39,Male,Classroom Teacher,18,New Zealand
P1842,25,Female,Physiotherapist,16,South Africa
P1843,54,Female,Occupational Therapist,24,South Africa
P1844,55,Female,Physiotherapist,0,United Kingdom
P1845,51,Female,Physiotherapist,4,South Africa
P1846,46,Female,Physiotherapist,26,South Africa
P1847,38,Female,Occupational Therapist,28,South Africa
P1848,43,Female,Kinderkineticist,10,South Africa
P1849,42,Male,Occupational Therapist,10,South Africa
P1850,28,Female,Classroom Teacher,19,Australia
P1851,25,Female,Occupational Therapist,16,South Africa
P1852,32,Female,Classroom Teacher,5,New Zealand
P1853,40,Male,Classroom Teacher,17,United Kingdom
P1854,28,Female,Occupational Therapist,28,South Africa
P1855,26,Male,Occupational Therapist,25,South Africa
P1856,56,Male,School Psychologist,28,Australia
P1857,36,Female,Physiotherapist,22,South Africa
P1858,45,Female,Kinderkineticist,30,South Africa
P1859,42,Male,Occupational Therapist,8,New Zealand
P1860,51,Female,Occupational Therapist,1,Australia
P1861,51,Female,Kinderkineticist,3,United Kingdom
P1862,33,Female,School Psychologist,34,South Africa
P1863,55,Female,Occupational Therapist,22,South Africa
P1864,36,Female,Classroom Teacher,8,South Africa
P1865,55,Female,Kinderkineticist,29,Australia
P1866,38,Female,Occupational Therapist,10,South Africa
P1867,26,Female,Physiotherapist,20,South Africa
P1868,52,Female,Occupational Therapist,8,South Africa
P1869,23,Male,Physiotherapist,3,United Kingdom
P1870,52,Female,Kinderkineticist,9,United Kingdom
P1871,23,Female,Physiotherapist,7,South Africa
P1872,30,Female,Occupational Therapist,19,South Africa
P1873,46,Female,Kinderkineticist,0,South Africa
P1874,59,Female,Kinderkineticist,8,South Africa
P1875,38,Female,Kinderkineticist,19,South Africa
P1876,26,Female,Kinderkineticist,13,South Africa
P1877,31,Female,Occupational Therapist,22,United Kingdom
P1878,57,Female,Kinderkineticist,22,Australia
P1879,51,Female,Physiotherapist,33,Other
P1880,26,Female,Physiotherapist,29,Netherlands
P1881,37,Female,Occupational Therapist,7,South Africa
P1882,32,Female,Kinderkineticist,24,South Africa
P1883,29,Female,Kinderkineticist,21,South Africa
P1884,55,Female,Physiotherapist,20,Australia
P1885,46,Female,Classroom Teacher,27,South Africa
P1886,29,Female,Classroom Teacher,5,South Africa
P1887,48,Female,Occupational Therapist,13,South Africa
P1888,38,Male,Kinderkineticist,28,South Africa
P1889,24,Female,Physiotherapist,31,Australia
P1890,39,Female,Parent/Caregiver,1,United Kingdom
P1891,29,Female,Occupational Therapist,16,South Africa
P1892,31,Non-Binary,Physiotherapist,9,Netherlands
P1893,57,Female,Physiotherapist,5,South Africa
P1894,50,Female,Occupational Therapist,1,South Africa
P1895,27,Non-Binary,Kinderkineticist,18,South Africa
P1896,56,Female,Physiotherapist,23,United Kingdom
P1897,44,Non-Binary,Occupational Therapist,18,United Kingdom
P1898,56,Female,Kinderkineticist,12,South Africa
P1899,51,Female,School Psychologist,26,Other
P1900,35,Female,Classroom Teacher,22,South Africa
P1901,43,Female,Physiotherapist,31,South Africa
P1902,43,Male,Physiotherapist,12,United Kingdom
P1903,50,Female,Occupational Therapist,8,Netherlands
P1904,31,Non-Binary,Classroom Teacher,15,United Kingdom
P1905,35,Female,Classroom Teacher,17,Other
P1906,31,Female,Kinderkineticist,16,South Africa
P1907,33,Male,Classroom Teacher,29,United Kingdom
P1908,28,Female,Occupational Therapist,1,New Zealand
P1909,23,Male,Kinderkineticist,18,South Africa
P1910,59,Female,Occupational Therapist,15,South Africa
P1911,24,Female,Occupational Therapist,7,Other
P1912,57,Female,Physiotherapist,22,South Africa
P1913,22,Female,Physiotherapist,28,South Africa
P1914,53,Female,School Psychologist,19,New Zealand
P1915,35,Female,Physiotherapist,2,Netherlands
P1916,42,Female,Classroom Teacher,2,Other
P1917,33,Female,Classroom Teacher,14,New Zealand
P1918,41,Male,Kinderkineticist,23,South Africa
P1919,40,Female,School Psychologist,10,Netherlands
P1920,43,Female,Physiotherapist,10,South Africa
P1921,37,Non-Binary,Physiotherapist,30,United Kingdom
P1922,43,Female,Occupational Therapist,0,South Africa
P1923,55,Female,Occupational Therapist,2,Australia
P1924,39,Female,Classroom Teacher,5,United Kingdom
P1925,36,Female,Physiotherapist,34,New Zealand
P1926,27,Female,Physiotherapist,17,South Africa
P1927,36,Female,Occupational Therapist,5,South Africa
P1928,27,Female,Physiotherapist,10,South Africa
P1929,29,Female,Classroom Teacher,33,South Africa
P1930,60,Female,Physiotherapist,24,United Kingdom
P1931,25,Female,Classroom Teacher,7,South Africa
P1932,41,Female,Kinderkineticist,8,United Kingdom
P1933,55,Female,Classroom Teacher,2,South Africa
P1934,60,Male,Occupational Therapist,27,South Africa
P1935,27,Female,Kinderkineticist,4,United Kingdom
P1936,28,Female,Occupational Therapist,10,South Africa
P1937,36,Female,Physiotherapist,12,South Africa
P1938,44,Female,Classroom Teacher,21,South Africa
P1939,60,Female,Kinderkineticist,21,South Africa
P1940,30,Female,Occupational Therapist,27,United Kingdom
P1941,28,Non-Binary,Classroom Teacher,10,South Africa
P1942,32,Female,Occupational Therapist,13,South Africa
P1943,56,Male,Kinderkineticist,13,United Kingdom
P1944,23,Female,Parent/Caregiver,1,South Africa
P1945,37,Female,Kinderkineticist,25,United Kingdom
P1946,26,Female,Classroom Teacher,18,South Africa
P1947,28,Female,Kinderkineticist,16,Netherlands
P1948,58,Male,Classroom Teacher,34,South Africa
P1949,22,Male,Kinderkineticist,6,South Africa
P1950,34,Male,Kinderkineticist,33,Netherlands
P1951,58,Female,Occupational Therapist,23,United Kingdom
P1952,46,Male,Classroom Teacher,7,United Kingdom
P1953,24,Female,Occupational Therapist,23,New Zealand
P1954,40,Male,Parent/Caregiver,26,South Africa
P1955,60,Female,Occupational Therapist,12,New Zealand
P1956,38,Female,Occupational Therapist,12,United Kingdom
P1957,43,Female,Classroom Teacher,29,South Africa
P1958,43,Female,Occupational Therapist,5,South Africa
P1959,48,Female,Physiotherapist,0,South Africa
P1960,29,Male,Classroom Teacher,23,Netherlands
P1961,55,Male,Occupational Therapist,31,South Africa
P1962,61,Male,Occupational Therapist,17,South Africa
P1963,27,Female,Physiotherapist,4,United Kingdom
P1964,54,Female,Occupational Therapist,18,Australia
P1965,54,Female,Occupational Therapist,8,South Africa
P1966,51,Female,Occupational Therapist,28,Australia
P1967,36,Female,Physiotherapist,21,South Africa
P1968,40,Female,Physiotherapist,11,New Zealand
P1969,55,Female,Occupational Therapist,21,South Africa
P1970,28,Female,Kinderkineticist,23,South Africa
P1971,55,Female,Kinderkineticist,23,United Kingdom
P1972,58,Female,Occupational Therapist,12,South Africa
P1973,49,Female,Physiotherapist,19,South Africa
P1974,35,Male,Classroom Teacher,1,South Africa
P1975,44,Female,Kinderkineticist,14,Australia
P1976,24,Male,Physiotherapist,13,New Zealand
P1977,59,Female,Physiotherapist,18,New Zealand
P1978,35,Female,Occupational Therapist,33,Other
P1979,24,Female,Classroom Teacher,33,Netherlands
P1980,53,Male,School Psychologist,16,South Africa
P1981,48,Female,School Psychologist,22,South Africa
P1982,46,Female,Occupational Therapist,3,New Zealand
P1983,24,Female,Physiotherapist,16,Netherlands
P1984,52,Female,Occupational Therapist,24,Other
P1985,47,Female,Physiotherapist,23,Australia
P1986,53,Female,Physiotherapist,33,South Africa
P1987,55,Female,Kinderkineticist,16,Netherlands
P1988,30,Female,Occupational Therapist,31,Netherlands
P1989,30,Female,School Psychologist,34,United Kingdom
P1990,58,Female,Occupational Therapist,20,New Zealand
P1991,43,Male,Occupational Therapist,3,United Kingdom
P1992,39,Male,Classroom Teacher,13,Netherlands
P1993,33,Female,Classroom Teacher,26,South Africa
P1994,47,Female,Physiotherapist,20,New Zealand
P1995,52,Female,Kinderkineticist,32,South Africa
P1996,22,Female,Occupational Therapist,28,South Africa
P1997,44,Female,Occupational Therapist,2,South Africa
P1998,61,Female,Physiotherapist,30,South Africa
P1999,33,Non-Binary,Physiotherapist,12,South Africa
P2000,33,Female,Kinderkineticist,28,Other
